planned_production_tons,active_shovels,shovel_availability_pct,haul_trucks,rainfall_mm,soil_moisture_pct,temperature_c,blasting_delayed,actual_production_tons,shortfall_tons
1200.0,7,69.0,14,1.3,18.0,28.1,0,1057.1,142.9
1600.0,6,68.1,14,1.6,23.7,27.0,0,848.5,751.5
1400.0,7,90.2,15,0.1,28.8,33.0,1,1082.4,317.6
1200.0,5,79.7,9,0.5,33.8,20.6,0,869.9,330.1
1000.0,3,96.7,6,55.7,95.0,21.9,1,150.0,850.0
1000.0,5,90.9,10,4.2,21.1,30.0,0,998.1,1.9
1000.0,5,71.7,10,23.6,63.8,42.6,0,763.1,236.9
1400.0,4,86.5,10,1.2,28.1,37.3,0,684.2,715.8
1400.0,4,80.2,9,24.5,56.3,22.1,0,735.7,664.3
1400.0,4,85.2,8,3.5,24.1,40.3,1,453.0,947.0
1000.0,4,90.8,8,0.8,19.6,37.6,0,695.0,305.0
1600.0,7,93.2,18,0.3,20.7,34.7,1,1049.6,550.4
1400.0,6,94.5,11,0.7,24.7,39.7,0,1157.8,242.2
1200.0,3,73.9,10,6.3,28.7,29.7,0,441.6,758.4
1000.0,5,66.1,14,2.2,23.1,25.3,0,678.4,321.6
1000.0,7,90.9,13,7.8,37.0,32.3,0,1050.0,0.0
1200.0,3,68.7,7,2.3,18.0,33.2,1,166.7,1033.3
1200.0,7,76.0,18,1.1,21.8,32.9,0,1114.1,85.9
1200.0,7,65.1,15,8.0,25.6,33.6,0,978.0,222.0
1200.0,5,88.9,14,1.9,25.3,42.8,0,906.9,293.1
1400.0,6,70.8,15,0.3,18.0,41.7,0,934.0,466.0
1000.0,4,87.9,7,0.3,27.0,41.0,0,695.8,304.2
1200.0,6,99.7,16,1.9,18.3,39.2,0,1260.0,0.0
1200.0,5,67.5,13,6.9,23.5,42.6,0,766.7,433.3
1200.0,5,67.7,12,0.9,21.6,22.4,1,430.2,769.8
1400.0,5,76.9,13,5.1,38.2,26.4,1,550.0,850.0
1000.0,3,95.3,6,3.6,31.0,31.9,1,274.9,725.1
1200.0,6,72.5,16,0.7,18.0,40.3,0,896.1,303.9
1200.0,6,77.6,15,0.1,18.0,32.1,0,1032.8,167.2
1000.0,7,67.4,15,0.3,20.4,38.0,0,1016.9,0.0
1400.0,7,91.7,16,13.7,53.7,23.3,0,1362.8,37.2
1000.0,7,79.3,18,0.6,18.1,26.1,0,1050.0,0.0
1000.0,5,91.6,10,1.2,19.1,37.6,0,936.4,63.6
1600.0,6,96.6,15,1.7,32.2,24.0,0,1278.4,321.6
1600.0,5,73.1,12,3.2,27.8,28.4,0,782.4,817.6
1400.0,3,93.3,10,0.3,27.7,26.4,0,606.3,793.7
1200.0,7,67.1,16,1.3,20.3,28.4,0,991.9,208.1
1000.0,5,96.5,10,103.2,95.0,37.0,1,150.0,850.0
1400.0,5,87.8,13,14.8,50.8,28.8,0,933.3,466.7
1200.0,3,95.6,8,4.3,27.7,33.3,0,548.7,651.3
1000.0,4,65.0,10,24.1,63.7,22.4,0,489.9,510.1
1200.0,6,70.9,11,4.1,30.1,39.3,0,867.8,332.2
1000.0,4,78.6,10,3.0,21.2,28.9,0,667.3,332.7
1600.0,7,78.3,13,2.0,25.0,35.6,0,1095.8,504.2
1200.0,5,72.9,13,3.0,31.4,37.4,0,770.3,429.7
1400.0,3,78.4,10,26.2,64.6,25.0,1,187.7,1212.3
1200.0,3,69.5,10,0.4,22.4,41.2,0,407.8,792.2
1200.0,6,79.4,15,2.7,18.0,34.8,0,1046.5,153.5
1200.0,4,93.1,11,1.9,18.0,30.3,0,783.2,416.8
1000.0,6,81.8,13,2.5,18.0,24.4,0,998.6,1.4
1600.0,5,65.6,13,1.0,21.0,42.6,0,695.7,904.3
1400.0,6,79.8,14,5.9,29.0,38.1,0,953.4,446.6
1600.0,3,66.0,10,51.6,92.0,25.0,1,150.0,1450.0
1400.0,3,98.8,6,0.9,28.4,28.1,0,661.3,738.7
1200.0,7,69.5,18,1.5,18.0,39.4,1,743.8,456.2
1600.0,7,89.8,13,3.5,20.4,36.7,0,1395.1,204.9
1000.0,5,99.0,14,4.0,28.4,38.4,0,972.2,27.8
1000.0,4,93.9,9,4.0,32.9,30.6,0,793.3,206.7
1000.0,6,89.5,15,5.6,40.7,37.2,1,874.7,125.3
1200.0,5,94.4,13,0.8,26.1,29.3,0,984.9,215.1
1200.0,7,99.4,18,6.2,39.2,25.1,0,1260.0,0.0
1200.0,6,86.7,12,5.7,24.5,35.2,0,1172.8,27.2
1400.0,7,84.6,14,5.7,41.3,43.4,1,968.2,431.8
1200.0,6,87.0,13,2.9,18.0,27.5,0,1093.3,106.7
1200.0,4,83.6,7,3.8,25.1,31.1,0,737.8,462.2
1200.0,5,87.2,14,0.2,25.2,36.2,1,694.2,505.8
1000.0,6,80.7,15,5.0,21.5,33.0,0,1050.0,0.0
1400.0,3,72.6,10,1.0,18.8,40.2,0,481.1,918.9
1000.0,3,69.2,7,0.5,18.0,38.3,0,465.0,535.0
1600.0,6,67.4,14,0.7,21.5,21.4,0,783.8,816.2
1400.0,6,74.2,14,1.4,31.1,44.0,0,1004.6,395.4
1000.0,6,66.6,13,12.8,41.3,38.1,0,816.4,183.6
1000.0,3,84.9,9,1.0,21.1,40.7,0,534.2,465.8
1400.0,3,74.9,7,0.4,18.0,35.6,0,449.2,950.8
1400.0,6,93.9,15,0.9,25.7,40.6,0,1146.8,253.2
1400.0,7,67.6,14,2.1,29.1,22.7,0,951.6,448.4
1400.0,7,72.9,15,7.7,25.1,28.3,0,1075.6,324.4
1000.0,4,90.6,11,1.1,23.3,41.0,0,691.7,308.3
1200.0,5,86.0,11,3.4,28.1,24.8,0,894.1,305.9
1000.0,7,67.3,15,5.6,35.2,21.9,0,1025.7,0.0
1400.0,3,95.7,9,3.5,23.7,38.9,0,625.0,775.0
1400.0,7,95.7,17,1.0,19.1,40.1,1,1157.7,242.3
1200.0,4,76.6,7,3.4,24.8,23.9,0,611.8,588.2
1000.0,4,76.9,9,52.2,95.0,40.5,1,153.5,846.5
1200.0,5,99.6,12,12.5,45.9,36.5,0,1082.4,117.6
1200.0,7,86.9,15,1.1,23.5,32.5,1,987.1,212.9
1400.0,3,83.6,7,10.5,42.9,39.9,0,523.7,876.3
1400.0,3,94.3,9,0.7,18.0,30.1,1,290.8,1109.2
1400.0,6,75.0,13,0.2,26.2,24.7,0,968.3,431.7
1200.0,3,80.0,10,0.4,18.0,26.8,1,252.7,947.3
1000.0,5,74.4,11,4.9,38.2,32.1,0,832.1,167.9
1400.0,5,92.6,14,2.5,20.4,32.8,0,890.9,509.1
1400.0,3,85.1,8,0.7,18.8,39.3,0,525.1,874.9
1200.0,3,88.1,9,2.0,27.9,39.0,0,507.6,692.4
1400.0,6,73.8,13,1.9,28.1,34.0,0,963.1,436.9
1200.0,3,72.7,10,2.7,23.8,38.7,0,458.2,741.8
1200.0,6,82.1,16,9.7,38.5,24.6,0,1055.6,144.4
1200.0,6,90.8,16,5.0,32.0,21.2,0,1130.5,69.5
1000.0,3,83.4,6,0.9,25.4,41.0,0,488.9,511.1
1000.0,4,66.1,7,3.0,24.4,21.8,0,525.2,474.8
1000.0,4,95.4,10,0.0,24.6,25.9,0,747.7,252.3
1400.0,6,67.3,13,7.1,39.7,36.7,0,803.3,596.7
1200.0,3,98.5,6,1.1,18.0,29.8,0,568.7,631.3
1200.0,4,65.9,9,2.0,20.7,41.0,0,517.1,682.9
1600.0,3,89.3,7,69.1,95.0,27.2,1,150.0,1450.0
1200.0,3,67.9,9,3.9,22.6,20.3,0,441.4,758.6
1200.0,3,96.9,9,0.6,18.0,27.2,0,622.7,577.3
1400.0,7,81.3,17,2.8,31.7,33.9,0,1208.2,191.8
1200.0,3,69.8,6,9.0,24.3,29.0,0,480.9,719.1
1000.0,7,76.9,15,2.1,23.1,32.8,0,1050.0,0.0
1200.0,6,70.8,11,3.4,30.9,41.0,0,864.4,335.6
1000.0,4,71.0,10,2.7,27.4,41.9,1,420.4,579.6
1600.0,4,98.2,11,1.1,21.7,26.4,0,856.4,743.6
1400.0,4,80.6,11,4.1,22.7,31.1,0,682.2,717.8
1400.0,4,92.6,9,0.9,25.0,33.2,0,780.8,619.2
1400.0,4,87.4,9,2.1,20.2,42.8,0,744.2,655.8
1400.0,4,88.7,8,1.5,25.5,44.0,0,737.8,662.2
1000.0,4,69.6,8,7.4,33.8,25.6,0,589.2,410.8
1400.0,6,73.2,15,0.9,24.1,37.4,0,939.8,460.2
1200.0,3,92.5,7,10.4,34.4,29.1,0,557.5,642.5
1400.0,5,99.0,9,4.3,38.6,20.2,0,982.1,417.9
1400.0,7,74.2,16,6.6,33.8,20.2,0,1018.0,382.0
1200.0,5,74.5,11,2.0,23.6,31.1,0,813.4,386.6
1000.0,5,81.6,11,8.4,35.9,31.7,1,516.1,483.9
1200.0,3,99.4,10,17.5,44.3,20.5,0,642.7,557.3
1200.0,3,74.4,6,0.3,20.5,36.5,0,428.4,771.6
1400.0,3,79.2,8,73.6,95.0,27.1,1,150.0,1250.0
1400.0,4,96.2,11,3.1,22.8,33.4,0,783.0,617.0
1000.0,6,65.1,13,34.4,73.3,27.2,1,539.2,460.8
1200.0,4,66.4,11,3.1,24.4,24.0,0,512.6,687.4
1200.0,6,86.1,13,1.3,18.8,29.8,0,1063.8,136.2
1200.0,6,96.8,15,46.2,93.4,25.6,1,854.9,345.1
1000.0,5,73.4,12,1.4,24.3,32.8,0,727.9,272.1
1200.0,5,81.4,10,0.7,27.5,24.8,0,905.1,294.9
1600.0,6,80.8,14,0.9,27.3,32.2,0,957.4,642.6
1200.0,6,81.6,16,3.7,32.1,23.8,0,1019.9,180.1
1200.0,4,86.8,7,24.1,53.6,36.1,0,773.6,426.4
1400.0,4,81.4,8,4.4,31.8,38.1,0,637.7,762.3
1200.0,5,80.7,12,1.4,27.4,22.6,0,843.1,356.9
1600.0,3,81.6,10,21.1,48.5,31.2,0,518.7,1081.3
1600.0,6,85.7,11,1.0,21.9,21.7,0,1051.3,548.7
1200.0,4,83.8,12,1.0,18.0,34.4,0,701.2,498.8
1200.0,5,94.9,11,2.4,28.9,26.3,0,1016.0,184.0
1200.0,4,66.7,9,8.1,37.5,32.7,0,544.2,655.8
1200.0,6,94.2,15,9.7,43.7,32.4,0,1213.2,0.0
1000.0,6,94.5,12,1.5,23.2,42.2,0,1050.0,0.0
1400.0,7,75.0,15,0.6,25.2,33.2,0,1081.7,318.3
1200.0,3,81.2,10,6.8,37.1,34.0,0,551.0,649.0
1000.0,7,80.3,14,1.1,19.8,29.6,0,1050.0,0.0
1200.0,5,72.6,11,0.4,18.1,42.8,0,792.8,407.2
1600.0,4,78.9,11,2.1,21.5,38.7,0,637.4,962.6
1200.0,5,66.6,12,7.2,31.0,26.8,0,687.7,512.3
1000.0,6,74.7,15,58.7,95.0,40.3,1,460.2,539.8
1200.0,7,93.6,13,0.7,19.6,30.4,0,1260.0,0.0
1600.0,7,75.0,15,7.0,36.9,39.9,0,1017.4,582.6
1200.0,7,93.6,13,0.5,22.2,39.7,0,1260.0,0.0
1400.0,5,83.6,9,0.3,24.0,24.5,0,874.3,525.7
1400.0,6,95.8,16,56.7,95.0,36.8,1,785.4,614.6
1200.0,4,85.1,8,49.3,92.9,27.0,1,424.3,775.7
1400.0,4,66.0,12,1.6,25.9,27.1,0,568.5,831.5
1200.0,5,88.6,11,13.0,42.2,27.1,0,860.5,339.5
1400.0,7,66.6,13,3.3,30.9,37.4,0,941.4,458.6
1400.0,3,80.8,8,0.2,28.8,25.5,0,520.5,879.5
1200.0,5,97.5,9,8.3,31.0,20.0,0,1031.1,168.9
1000.0,5,70.8,12,1.3,28.3,37.2,0,715.6,284.4
1400.0,6,78.6,16,8.4,29.3,24.1,0,1016.8,383.2
1200.0,4,90.5,12,2.0,35.4,22.5,0,751.6,448.4
1000.0,5,95.9,10,0.9,19.4,25.7,0,1037.7,0.0
1000.0,5,88.5,9,26.4,65.0,29.1,1,790.6,209.4
1200.0,7,74.0,17,0.0,18.0,31.4,0,1098.1,101.9
1400.0,7,88.6,18,1.5,23.5,21.1,1,1100.6,299.4
1000.0,3,75.4,10,4.5,36.5,43.3,0,453.6,546.4
1200.0,6,90.1,12,2.1,21.1,37.2,0,1167.1,32.9
1200.0,3,98.4,8,17.9,59.8,27.8,0,627.5,572.5
1400.0,7,90.2,14,0.8,23.2,27.6,0,1316.3,83.7
1000.0,4,95.2,7,0.8,28.1,30.8,0,757.0,243.0
1400.0,7,65.1,15,0.4,24.7,35.0,0,939.6,460.4
1200.0,6,90.1,13,8.6,37.1,23.5,0,1096.6,103.4
1600.0,7,94.0,16,0.8,18.0,24.5,0,1409.0,191.0
1000.0,6,66.4,16,3.9,25.5,40.6,0,879.6,120.4
1200.0,6,95.5,14,5.9,36.8,26.2,0,1235.4,0.0
1000.0,6,74.0,16,9.2,34.1,29.1,0,1019.2,0.0
1600.0,6,88.3,16,0.7,23.7,40.9,0,1096.3,503.7
1400.0,6,93.0,13,5.3,22.3,35.9,0,1192.8,207.2
1200.0,4,88.2,10,1.0,20.8,28.2,0,699.5,500.5
1400.0,3,68.2,6,0.3,28.1,36.4,0,422.9,977.1
1400.0,5,85.9,14,5.1,23.2,20.5,1,615.3,784.7
1200.0,3,84.2,9,2.5,29.4,37.7,0,550.6,649.4
1200.0,6,96.5,15,0.5,23.6,31.7,0,1203.6,0.0
1200.0,4,79.1,8,1.4,22.9,39.5,0,592.9,607.1
1000.0,7,76.2,17,0.8,21.9,42.9,0,1050.0,0.0
1400.0,4,91.2,7,3.3,24.6,42.2,1,584.6,815.4
1600.0,6,79.4,16,110.0,95.0,41.8,1,150.0,1450.0
1400.0,4,87.6,8,11.3,43.7,32.3,0,762.9,637.1
1200.0,4,87.6,10,0.1,20.1,28.6,1,469.4,730.6
1200.0,6,96.1,16,1.1,32.7,31.2,0,1204.3,0.0
1400.0,4,86.0,8,1.6,26.0,36.6,0,722.6,677.4
1400.0,5,82.6,11,1.7,21.7,41.2,0,875.6,524.4
1400.0,5,69.9,12,0.9,28.3,25.0,0,695.2,704.8
1400.0,4,69.1,9,17.2,50.9,42.0,1,320.1,1079.9
1400.0,7,70.4,18,5.2,21.5,39.6,0,1074.2,325.8
1000.0,6,71.0,14,15.6,40.2,43.5,0,887.9,112.1
1000.0,5,87.3,13,4.1,27.6,41.1,0,898.6,101.4
1400.0,7,90.9,14,4.8,21.2,26.7,0,1310.8,89.2
1400.0,4,83.5,12,2.0,35.5,22.5,0,763.4,636.6
1000.0,7,94.0,13,4.4,32.7,22.7,0,1050.0,0.0
1000.0,3,99.7,8,0.9,23.3,27.0,0,650.9,349.1
1400.0,5,93.7,12,1.3,22.2,34.7,0,977.2,422.8
1000.0,4,89.3,12,1.0,20.4,39.3,0,741.8,258.2
1000.0,6,83.6,16,12.5,30.9,41.6,0,1027.1,0.0
1200.0,4,80.7,9,18.2,40.6,35.0,0,644.0,556.0
1400.0,6,68.0,15,8.1,43.7,20.1,0,882.1,517.9
1400.0,4,79.0,9,0.9,31.3,24.5,1,398.3,1001.7
1200.0,7,96.9,15,0.3,19.5,22.4,0,1260.0,0.0
1400.0,7,93.3,17,1.9,29.3,28.7,0,1374.4,25.6
1200.0,7,72.6,13,0.1,24.8,32.0,0,1093.0,107.0
1200.0,3,81.3,7,0.3,25.6,21.0,1,235.9,964.1
1400.0,6,93.6,13,0.6,18.0,28.4,0,1217.0,183.0
1400.0,7,67.4,16,1.6,18.0,24.3,0,985.2,414.8
1400.0,3,78.6,9,1.1,29.6,35.5,0,585.6,814.4
1400.0,6,94.8,12,4.0,18.1,31.1,0,1138.2,261.8
1200.0,4,79.1,7,57.1,95.0,31.9,1,298.1,901.9
1000.0,3,67.7,6,1.4,22.2,30.3,0,422.2,577.8
1200.0,5,84.0,13,1.0,21.2,42.9,0,889.7,310.3
1200.0,3,95.2,10,1.0,25.0,25.2,0,578.4,621.6
1200.0,3,85.7,10,3.7,24.2,32.4,0,484.7,715.3
1600.0,6,72.9,14,0.1,24.2,37.7,0,900.3,699.7
1200.0,4,78.4,10,0.0,22.8,33.4,0,646.2,553.8
1400.0,5,80.8,13,4.0,38.4,42.3,0,854.3,545.7
1400.0,7,85.3,16,1.6,18.0,29.1,1,1051.2,348.8
1400.0,7,91.6,13,0.4,22.7,31.1,0,1352.9,47.1
1200.0,3,68.5,6,0.7,25.2,22.1,0,438.6,761.4
1200.0,6,96.1,12,6.7,30.8,34.6,0,1224.8,0.0
1200.0,6,65.4,16,4.9,22.7,26.9,0,763.0,437.0
1000.0,7,78.0,17,3.1,32.9,23.8,1,831.5,168.5
1400.0,5,66.0,11,1.6,26.2,33.1,0,640.2,759.8
1200.0,4,78.8,12,67.8,95.0,32.8,1,150.0,1050.0
1000.0,5,83.4,11,9.2,38.1,21.8,0,810.2,189.8
1400.0,4,82.9,8,40.0,90.5,36.8,1,416.0,984.0
1000.0,7,70.8,14,0.6,22.7,35.0,0,992.8,7.2
1600.0,4,87.6,10,4.2,28.2,24.5,1,497.4,1102.6
1600.0,6,66.6,12,0.5,30.7,31.3,0,854.1,745.9
1600.0,3,91.7,6,0.6,18.0,37.3,0,567.0,1033.0
1200.0,3,98.1,7,2.8,34.9,32.7,1,301.7,898.3
1000.0,7,76.9,16,2.7,30.9,29.5,0,1050.0,0.0
1600.0,6,83.1,12,6.7,27.4,27.7,0,1058.6,541.4
1200.0,5,78.3,14,0.2,19.0,34.6,0,850.1,349.9
1600.0,6,65.2,12,1.8,22.1,42.5,0,883.3,716.7
1600.0,3,78.5,8,5.8,21.6,36.1,0,533.7,1066.3
1400.0,3,92.7,9,5.9,32.1,21.8,0,589.8,810.2
1200.0,6,85.9,14,0.4,18.2,31.1,0,1071.8,128.2
1200.0,6,68.5,13,1.1,25.2,41.4,0,837.7,362.3
1400.0,3,94.6,9,51.4,92.6,22.3,1,214.1,1185.9
1200.0,5,83.6,14,0.5,27.4,43.7,0,883.5,316.5
1000.0,7,94.5,13,8.6,38.6,42.8,0,1050.0,0.0
1200.0,7,85.3,16,23.8,54.2,21.9,0,1233.4,0.0
1600.0,6,84.6,13,47.9,95.0,42.4,1,717.3,882.7
1400.0,7,68.7,18,0.3,22.9,28.7,0,995.6,404.4
1200.0,3,70.9,9,0.2,29.7,40.3,0,435.8,764.2
1000.0,3,99.0,10,6.0,25.8,30.0,0,630.5,369.5
1400.0,6,73.0,14,9.0,34.7,30.6,0,894.0,506.0
1600.0,6,99.2,12,1.3,20.8,35.2,0,1250.9,349.1
1000.0,6,83.6,14,37.2,78.0,38.6,1,803.5,196.5
1200.0,5,69.8,9,2.3,28.1,20.8,0,673.8,526.2
1400.0,7,68.5,16,24.3,55.3,34.2,0,932.5,467.5
1400.0,6,72.3,15,0.6,21.1,24.5,0,954.7,445.3
1400.0,4,97.4,11,6.7,36.9,28.3,0,766.9,633.1
1400.0,4,79.5,10,6.5,38.5,28.4,0,654.5,745.5
1200.0,3,78.8,9,12.2,42.7,31.3,0,518.0,682.0
1200.0,7,76.0,14,3.8,27.0,28.0,0,1114.6,85.4
1400.0,6,70.1,16,1.0,22.3,22.6,0,881.3,518.7
1400.0,4,82.1,10,2.5,28.4,23.5,0,692.0,708.0
1400.0,7,69.6,14,0.8,24.3,20.8,0,1110.6,289.4
1600.0,3,94.2,10,6.0,22.8,31.3,0,656.0,944.0
1200.0,5,78.0,14,2.5,28.6,42.9,1,540.7,659.3
1200.0,7,78.1,14,0.2,18.0,22.8,0,1185.1,14.9
1400.0,7,81.6,15,6.0,23.9,42.7,0,1217.1,182.9
1400.0,5,80.5,12,46.9,84.0,37.6,1,524.8,875.2
1400.0,7,99.8,18,0.2,21.2,35.3,0,1435.6,0.0
1400.0,3,84.1,10,1.9,19.8,35.5,0,545.6,854.4
1400.0,3,68.1,9,0.9,18.0,39.8,0,418.2,981.8
1200.0,5,86.2,14,1.2,22.1,22.6,0,892.2,307.8
1200.0,6,70.3,12,0.5,20.3,32.1,0,859.0,341.0
1000.0,4,66.1,12,1.6,23.7,36.7,0,590.1,409.9
1200.0,6,99.0,13,38.5,76.7,34.1,1,991.0,209.0
1000.0,7,92.1,16,53.3,95.0,40.0,1,912.6,87.4
1200.0,4,99.3,10,9.4,38.7,21.7,0,861.4,338.6
1200.0,5,81.7,14,2.4,23.1,36.6,0,853.1,346.9
1200.0,5,83.6,9,1.0,23.2,32.8,0,874.0,326.0
1200.0,4,70.9,7,4.8,36.3,29.1,0,631.6,568.4
1000.0,3,73.6,6,1.4,28.9,28.2,0,509.9,490.1
1000.0,4,94.3,7,0.5,18.0,34.9,0,718.1,281.9
1400.0,7,77.5,14,0.5,18.0,41.4,0,1134.3,265.7
1200.0,3,93.9,9,3.7,23.6,31.9,0,542.5,657.5
1000.0,5,89.8,10,0.8,21.0,39.8,0,929.5,70.5
1200.0,4,71.2,7,3.6,24.5,29.7,0,597.9,602.1
1400.0,6,82.8,16,0.6,23.0,22.5,0,1030.4,369.6
1200.0,6,88.7,15,1.0,27.1,21.5,0,1081.8,118.2
1400.0,7,73.2,13,1.6,28.9,21.2,0,1038.8,361.2
1000.0,6,94.1,12,7.2,31.1,29.1,0,1050.0,0.0
1000.0,4,84.1,9,39.8,73.6,28.1,1,506.1,493.9
1200.0,4,70.8,10,0.6,18.0,37.2,0,522.5,677.5
1200.0,6,85.4,11,1.1,21.1,37.8,0,1064.6,135.4
1400.0,4,100.0,8,4.4,22.4,21.2,0,865.5,534.5
1400.0,7,70.3,17,1.8,30.4,25.3,0,1031.8,368.2
1600.0,3,93.6,6,1.5,18.4,26.6,0,550.6,1049.4
1200.0,7,72.3,13,5.8,33.7,33.1,0,1045.4,154.6
1200.0,7,92.4,16,6.6,23.6,23.5,0,1260.0,0.0
1400.0,4,90.7,8,25.2,63.1,23.2,1,465.1,934.9
1200.0,3,75.5,7,39.4,80.3,42.7,1,257.3,942.7
1200.0,4,76.4,11,5.7,38.1,39.3,1,321.2,878.8
1000.0,5,92.7,10,4.1,22.5,24.3,0,955.4,44.6
1000.0,4,81.2,11,0.0,19.2,29.8,1,501.6,498.4
1600.0,4,90.6,7,1.0,21.6,28.5,0,744.1,855.9
1400.0,4,70.2,10,1.4,23.3,39.0,0,554.3,845.7
1400.0,3,94.8,8,0.7,21.2,32.2,0,675.5,724.5
1200.0,4,89.9,12,0.6,21.2,23.1,0,752.3,447.7
1000.0,3,96.7,7,0.1,20.4,37.7,0,518.5,481.5
1000.0,6,69.6,14,2.6,18.0,29.5,0,921.3,78.7
1200.0,5,85.8,9,0.8,28.1,26.3,0,944.2,255.8
1200.0,3,86.0,7,0.1,36.5,29.0,0,557.6,642.4
1400.0,6,77.4,12,63.3,95.0,31.9,1,439.9,960.1
1400.0,3,81.0,8,4.0,22.4,28.2,0,586.2,813.8
1200.0,3,66.3,7,4.8,24.0,25.8,0,384.2,815.8
1600.0,5,91.1,9,66.5,95.0,29.6,1,402.6,1197.4
1400.0,7,84.2,18,1.3,25.9,20.5,0,1307.1,92.9
1200.0,7,67.0,17,9.5,34.9,38.5,0,1061.6,138.4
1400.0,3,88.8,9,0.6,26.6,24.1,1,268.6,1131.4
1200.0,4,81.3,7,0.6,18.0,21.1,0,753.6,446.4
1200.0,6,66.2,11,0.9,27.1,35.7,0,862.3,337.7
1200.0,4,98.9,11,0.5,23.9,38.6,1,624.0,576.0
1400.0,4,98.2,12,1.2,18.8,39.5,0,852.0,548.0
1000.0,3,83.0,7,10.1,30.0,31.8,0,533.3,466.7
1000.0,3,68.3,9,2.4,26.2,24.9,0,507.5,492.5
1000.0,3,91.4,6,1.3,31.0,37.7,0,557.4,442.6
1000.0,3,82.2,8,3.1,25.5,36.8,0,584.6,415.4
1400.0,7,75.6,14,0.1,18.0,25.9,0,1183.2,216.8
1400.0,3,82.2,10,44.5,89.6,41.7,1,233.8,1166.2
1200.0,7,83.3,18,2.1,34.2,22.5,0,1221.8,0.0
1000.0,7,84.7,16,3.9,30.0,43.6,0,1050.0,0.0
1200.0,3,80.4,8,0.1,24.8,40.6,0,462.2,737.8
1200.0,5,86.2,9,6.1,37.3,36.5,0,889.3,310.7
1000.0,6,97.2,15,2.9,28.7,42.5,0,1050.0,0.0
1200.0,4,77.7,9,3.0,22.6,37.3,0,602.6,597.4
1200.0,7,90.4,18,2.5,18.0,24.6,0,1260.0,0.0
1400.0,6,96.3,16,1.0,18.8,30.6,0,1281.5,118.5
1400.0,5,81.0,12,0.2,18.0,21.7,1,612.9,787.1
1000.0,4,80.5,11,1.4,27.4,29.4,0,712.6,287.4
1200.0,4,86.1,12,0.3,26.5,37.8,0,742.8,457.2
1400.0,7,85.7,15,7.4,33.9,29.3,0,1249.0,151.0
1200.0,3,93.2,8,1.6,18.1,27.9,0,581.9,618.1
1400.0,5,81.7,11,1.0,32.4,34.3,1,596.5,803.5
1400.0,7,99.9,17,3.6,25.4,40.9,0,1396.2,3.8
1000.0,5,67.1,14,1.7,27.6,21.1,0,737.5,262.5
1000.0,3,65.1,6,0.9,23.6,29.3,0,406.1,593.9
1400.0,3,87.4,10,4.2,29.3,23.8,0,585.0,815.0
1000.0,7,75.4,17,5.0,32.4,36.7,0,1050.0,0.0
1200.0,3,73.4,10,2.8,22.7,22.5,0,456.8,743.2
1600.0,6,75.9,16,0.1,28.7,36.0,0,963.5,636.5
1200.0,4,74.0,7,2.1,18.0,26.9,0,628.3,571.7
1200.0,7,66.1,18,33.0,66.2,24.8,1,776.3,423.7
1400.0,5,99.0,14,0.4,29.0,42.5,0,1041.7,358.3
1200.0,6,72.7,13,0.6,25.9,20.4,0,926.4,273.6
1200.0,7,90.7,14,5.4,42.7,30.5,0,1260.0,0.0
1600.0,3,91.7,7,32.5,71.1,20.5,1,288.0,1312.0
1200.0,3,97.5,7,7.8,42.2,31.6,0,665.3,534.7
1600.0,3,66.1,8,1.6,18.0,32.0,0,431.2,1168.8
1600.0,3,95.5,6,1.5,18.0,27.7,0,564.0,1036.0
1000.0,5,83.5,11,42.5,90.2,23.2,1,563.5,436.5
1000.0,6,87.1,15,4.3,19.7,29.0,0,1050.0,0.0
1000.0,4,87.6,11,1.1,22.7,36.1,0,770.5,229.5
1000.0,5,93.7,14,1.9,30.8,38.8,0,1014.5,0.0
1000.0,5,76.7,12,2.8,28.7,32.7,0,684.1,315.9
1400.0,4,90.7,7,16.1,46.2,34.2,0,758.7,641.3
1000.0,4,83.5,7,10.4,35.4,24.8,1,416.4,583.6
1200.0,3,92.8,10,40.2,83.3,26.9,1,278.7,921.3
1400.0,5,99.7,13,1.3,26.8,23.9,0,1032.9,367.1
1000.0,7,72.0,14,79.1,95.0,26.0,1,328.1,671.9
1400.0,4,99.8,10,2.6,27.7,25.4,0,852.7,547.3
1200.0,4,68.1,12,0.9,28.7,32.5,0,554.9,645.1
1000.0,6,65.1,14,37.4,77.1,33.5,1,558.3,441.7
1400.0,7,66.5,17,4.6,29.3,42.7,0,970.2,429.8
1400.0,7,77.0,17,1.1,26.1,24.7,0,1141.2,258.8
1400.0,4,87.2,8,2.7,28.8,35.4,0,682.0,718.0
1400.0,3,67.4,6,68.1,95.0,39.6,1,150.0,1250.0
1400.0,6,65.2,11,0.6,18.0,33.4,0,857.7,542.3
1200.0,7,97.8,16,2.3,22.8,26.1,0,1260.0,0.0
1000.0,4,93.8,10,0.2,19.8,26.3,1,468.8,531.2
1400.0,7,93.3,17,35.6,70.9,20.9,1,1105.3,294.7
1400.0,6,96.0,11,0.8,18.0,27.3,1,978.7,421.3
1600.0,6,89.5,16,1.4,18.0,37.9,0,1109.6,490.4
1200.0,5,68.7,12,3.5,33.2,21.1,1,447.1,752.9
1200.0,4,79.0,7,4.4,20.8,25.3,0,641.4,558.6
1400.0,6,90.3,11,48.5,95.0,36.9,1,664.0,736.0
1200.0,5,74.8,13,0.1,25.8,38.8,0,794.1,405.9
1600.0,5,89.1,9,29.6,64.3,30.9,1,713.9,886.1
1400.0,7,65.9,14,1.9,28.0,36.8,0,992.1,407.9
1200.0,7,75.7,14,25.4,62.2,29.3,1,860.1,339.9
1400.0,5,84.2,11,3.2,21.3,23.8,0,871.8,528.2
1400.0,7,87.1,17,4.6,28.9,29.6,0,1292.9,107.1
1000.0,6,85.2,16,67.3,95.0,33.9,1,487.5,512.5
1600.0,3,89.4,7,1.4,27.4,42.8,0,585.5,1014.5
1200.0,6,65.2,12,1.6,20.8,21.7,0,829.9,370.1
1400.0,5,68.5,11,0.4,22.2,32.2,1,403.7,996.3
1200.0,5,95.4,13,6.7,31.3,27.9,0,977.1,222.9
1400.0,6,88.9,15,7.3,33.6,32.2,0,1129.1,270.9
1200.0,7,69.0,13,0.7,31.3,20.6,1,849.1,350.9
1000.0,7,94.5,16,0.7,21.8,27.5,0,1050.0,0.0
1600.0,5,73.5,9,0.2,28.4,39.7,0,738.5,861.5
1000.0,4,81.7,11,6.6,34.3,33.3,0,657.3,342.7
1200.0,7,70.1,14,2.2,32.3,30.8,0,1006.0,194.0
1600.0,6,89.9,16,4.1,26.4,26.9,1,851.1,748.9
1600.0,7,88.3,14,6.1,34.6,27.2,0,1235.0,365.0
1200.0,6,72.4,11,1.1,23.3,29.2,0,939.8,260.2
1400.0,5,95.2,14,2.4,18.0,40.1,1,743.7,656.3
1200.0,7,79.0,17,0.1,18.0,43.2,0,1178.1,21.9
1200.0,6,75.2,12,3.0,29.3,30.5,1,693.4,506.6
1200.0,5,70.3,13,8.9,37.9,29.4,0,737.7,462.3
1400.0,4,74.3,12,3.6,21.0,40.3,0,600.3,799.7
1400.0,6,65.8,16,13.3,43.1,30.2,0,827.7,572.3
1400.0,4,85.4,8,2.6,28.4,33.2,0,687.0,713.0
1400.0,4,94.5,11,11.7,39.4,25.5,1,538.4,861.6
1000.0,3,84.2,7,0.0,25.6,37.8,0,581.6,418.4
1200.0,7,72.7,17,27.8,66.7,32.8,1,851.3,348.7
1000.0,6,66.2,16,0.6,22.7,39.4,0,844.0,156.0
1200.0,4,72.5,11,0.7,20.5,38.7,0,562.9,637.1
1200.0,3,79.6,6,4.1,33.4,25.2,0,521.1,678.9
1400.0,5,91.6,11,0.8,25.5,37.2,0,984.9,415.1
1200.0,6,71.6,14,0.5,18.0,39.2,0,911.2,288.8
1000.0,4,90.2,7,1.8,25.7,28.3,0,765.1,234.9
1000.0,7,95.3,16,5.0,23.8,24.1,0,1050.0,0.0
1400.0,3,80.9,6,3.6,22.6,20.1,0,532.3,867.7
1400.0,4,93.8,10,24.3,55.3,30.8,0,836.4,563.6
1000.0,7,84.4,17,1.1,23.9,28.5,0,1050.0,0.0
1000.0,4,87.3,10,19.2,52.7,33.3,0,699.3,300.7
1400.0,6,83.4,16,51.8,95.0,24.5,1,596.8,803.2
1000.0,6,81.2,11,16.5,45.0,40.6,0,1048.7,0.0
1400.0,6,73.2,11,8.0,31.5,26.2,0,888.8,511.2
1400.0,3,75.6,8,3.9,33.1,25.4,0,483.4,916.6
1000.0,6,75.1,11,5.4,18.0,31.5,0,934.8,65.2
1000.0,7,84.7,18,1.7,23.0,32.0,1,907.3,92.7
1600.0,4,69.2,7,0.1,29.9,25.2,1,276.5,1323.5
1200.0,5,97.1,12,10.4,40.2,26.5,0,1044.2,155.8
1200.0,7,90.2,15,1.2,30.1,24.1,0,1260.0,0.0
1400.0,7,79.1,15,0.4,18.0,37.2,0,1178.9,221.1
1600.0,6,70.6,12,2.7,19.9,38.5,0,900.7,699.3
1600.0,3,95.9,6,0.8,25.8,31.1,0,633.3,966.7
1400.0,4,93.8,10,47.4,95.0,37.1,1,448.5,951.5
1200.0,3,90.3,6,15.8,40.1,37.7,1,320.0,880.0
1000.0,4,74.5,11,1.5,22.3,23.3,0,621.4,378.6
1400.0,4,79.1,12,25.3,62.0,43.2,1,424.9,975.1
1200.0,3,68.6,6,0.8,18.0,39.7,0,398.0,802.0
1200.0,7,71.6,13,1.5,26.8,24.9,0,1020.1,179.9
1600.0,4,92.4,9,26.0,47.6,24.5,1,500.1,1099.9
1000.0,3,90.0,10,27.8,66.2,23.0,1,265.3,734.7
1200.0,4,85.8,10,15.1,39.7,23.3,0,711.1,488.9
1000.0,5,96.4,9,1.3,21.6,38.0,0,1023.3,0.0
1200.0,7,85.4,15,2.8,29.4,31.3,0,1213.3,0.0
1000.0,6,81.3,12,0.4,24.8,38.8,0,995.0,5.0
1000.0,4,76.9,12,57.9,95.0,37.9,1,160.5,839.5
1000.0,5,97.9,11,7.6,38.2,34.5,0,1050.0,0.0
1400.0,6,67.9,13,3.3,18.4,36.5,0,849.7,550.3
1400.0,6,97.6,13,0.1,23.1,20.4,0,1227.2,172.8
1200.0,4,93.9,7,10.8,34.2,27.5,1,533.3,666.7
1600.0,3,69.5,6,1.7,29.1,35.3,1,233.5,1366.5
1200.0,4,84.8,8,5.3,33.3,20.2,0,655.6,544.4
1200.0,5,95.3,13,90.0,95.0,20.8,1,150.0,1050.0
1400.0,6,85.0,15,6.6,40.2,40.4,0,1014.4,385.6
1200.0,4,96.8,11,55.8,95.0,36.4,1,329.8,870.2
1600.0,3,98.0,10,1.7,23.7,26.4,0,591.7,1008.3
1000.0,4,79.8,12,0.3,22.5,36.5,0,684.6,315.4
1600.0,7,78.2,14,4.3,31.5,39.0,1,832.0,768.0
1000.0,3,97.8,10,0.7,23.7,27.4,0,629.8,370.2
1400.0,5,88.6,13,5.7,34.1,20.9,0,934.3,465.7
1200.0,6,69.1,15,24.7,47.9,42.4,0,865.3,334.7
1600.0,4,66.5,9,7.2,42.2,28.3,0,602.7,997.3
1000.0,3,84.8,10,1.8,25.1,22.6,0,513.1,486.9
1200.0,7,97.6,13,2.8,18.1,31.8,0,1260.0,0.0
1600.0,3,94.5,6,15.4,40.5,38.4,1,250.1,1349.9
1200.0,7,88.7,15,35.5,64.5,25.3,1,1039.8,160.2
1400.0,5,69.9,11,16.4,41.1,26.5,0,724.6,675.4
1400.0,6,73.9,13,0.1,21.4,25.8,0,889.7,510.3
1200.0,5,95.6,9,7.4,40.7,43.8,0,1018.2,181.8
1400.0,4,71.4,11,0.4,24.7,24.7,0,573.9,826.1
1200.0,3,74.7,7,0.5,23.9,33.8,0,531.5,668.5
1600.0,7,69.5,14,1.1,18.0,42.2,0,937.0,663.0
1000.0,7,88.7,15,7.6,29.2,23.5,0,1050.0,0.0
1200.0,3,98.0,8,27.7,59.8,43.3,1,393.4,806.6
1600.0,3,74.4,7,0.2,18.8,42.7,0,459.0,1141.0
1400.0,4,81.6,7,1.8,22.9,41.2,0,667.2,732.8
1200.0,5,87.2,14,8.4,33.2,25.1,0,918.0,282.0
1400.0,7,100.0,15,2.1,23.5,35.2,0,1470.0,0.0
1200.0,4,68.7,12,31.0,65.1,38.3,1,297.9,902.1
1000.0,5,82.4,12,2.0,25.7,43.7,0,837.5,162.5
1200.0,4,78.5,8,3.4,25.5,24.3,0,622.5,577.5
1200.0,7,95.3,18,1.0,18.0,38.4,0,1260.0,0.0
1200.0,3,81.7,9,3.6,27.6,28.1,0,526.4,673.6
1000.0,3,68.9,7,12.4,40.1,24.2,0,454.6,545.4
1600.0,5,87.2,12,1.7,18.0,30.1,0,952.9,647.1
1600.0,6,92.0,14,18.3,46.5,39.1,0,1180.1,419.9
1400.0,5,65.1,14,0.0,25.1,31.2,0,707.6,692.4
1200.0,6,95.1,12,2.7,20.3,32.9,0,1148.4,51.6
1200.0,4,71.5,7,2.4,19.4,43.9,0,652.6,547.4
1400.0,4,84.3,9,0.9,21.8,29.6,0,701.0,699.0
1400.0,7,79.6,16,16.8,50.3,34.8,0,1205.6,194.4
1000.0,6,90.2,12,0.2,31.4,28.8,0,1050.0,0.0
1600.0,7,78.0,17,6.4,34.9,29.4,0,1138.0,462.0
1400.0,3,95.4,8,2.9,31.8,36.7,0,634.3,765.7
1600.0,6,90.6,12,0.3,24.2,42.5,0,1142.1,457.9
1400.0,5,87.7,9,1.1,20.2,33.0,0,894.1,505.9
1400.0,3,92.9,6,7.9,37.1,38.4,0,630.9,769.1
1200.0,3,91.4,8,4.5,28.3,22.1,1,307.5,892.5
1600.0,5,66.3,12,0.1,24.1,25.1,1,448.0,1152.0
1400.0,3,78.8,10,0.7,18.3,32.1,0,518.9,881.1
1000.0,6,97.6,13,21.3,56.3,20.5,0,1050.0,0.0
1000.0,7,69.4,14,0.0,21.4,26.1,0,1004.1,0.0
1200.0,3,90.8,8,0.6,24.0,32.4,0,562.4,637.6
1400.0,6,99.1,13,8.0,33.6,20.4,0,1233.2,166.8
1600.0,4,66.8,12,2.4,24.2,26.3,0,569.7,1030.3
1000.0,6,88.9,13,0.8,25.6,32.3,0,1050.0,0.0
1200.0,7,81.4,16,0.2,20.2,33.8,0,1234.6,0.0
1200.0,6,85.3,11,16.6,38.9,42.2,0,1100.9,99.1
1600.0,5,68.0,10,0.7,18.0,35.5,0,696.5,903.5
1400.0,7,66.5,14,7.0,33.4,30.0,0,1006.1,393.9
1400.0,4,88.3,7,1.3,21.8,42.3,0,745.3,654.7
1200.0,5,93.8,12,3.2,18.1,38.8,0,1011.2,188.8
1200.0,6,92.4,12,6.3,31.9,24.8,0,1192.0,8.0
1200.0,7,84.0,16,1.3,23.5,23.1,0,1260.0,0.0
1000.0,4,68.5,12,15.2,42.3,36.2,0,563.0,437.0
1400.0,5,89.1,12,1.8,26.0,33.4,1,682.9,717.1
1400.0,4,73.5,9,6.0,37.5,39.0,0,632.8,767.2
1600.0,6,96.9,11,4.1,34.5,37.7,0,1262.2,337.8
1600.0,4,94.3,10,30.7,68.8,35.0,1,520.1,1079.9
1200.0,3,89.8,10,2.9,26.0,43.7,0,609.6,590.4
1400.0,5,98.2,13,24.7,59.8,32.8,0,1055.4,344.6
1600.0,4,66.1,7,6.0,32.5,22.7,0,548.2,1051.8
1400.0,6,90.8,12,0.3,21.1,39.9,0,1163.4,236.6
1200.0,6,76.6,13,1.9,25.7,26.0,0,949.4,250.6
1200.0,4,96.7,8,5.3,22.1,38.7,0,820.7,379.3
1000.0,6,74.3,16,1.3,24.4,43.0,0,899.0,101.0
1600.0,7,90.4,18,1.6,26.9,36.7,0,1326.1,273.9
1400.0,7,95.7,14,42.0,82.5,34.3,1,1179.6,220.4
1200.0,7,66.5,13,31.3,68.5,31.0,1,724.2,475.8
1400.0,3,78.9,6,26.7,56.5,28.7,1,281.5,1118.5
1400.0,4,91.7,10,7.3,26.6,28.5,0,780.2,619.8
1200.0,3,80.9,6,0.8,24.3,35.3,0,515.4,684.6
1000.0,6,74.4,13,1.5,20.7,38.0,1,606.6,393.4
1400.0,3,72.7,7,8.0,25.1,36.3,0,450.8,949.2
1200.0,6,69.6,15,110.0,95.0,24.8,1,150.0,1050.0
1400.0,6,95.0,13,1.7,19.7,31.9,0,1157.6,242.4
1200.0,5,85.1,10,3.4,30.9,39.0,0,832.6,367.4
1400.0,7,67.7,15,5.0,30.5,31.4,0,1034.3,365.7
1200.0,6,78.4,11,2.5,21.3,32.9,0,989.5,210.5
1200.0,5,77.9,11,2.8,23.2,38.5,0,825.0,375.0
1400.0,7,71.4,16,0.3,29.1,35.9,1,804.7,595.3
1200.0,6,80.2,11,14.8,48.9,29.8,0,976.7,223.3
1000.0,6,76.6,15,0.4,18.0,41.5,1,668.6,331.4
1000.0,3,77.0,8,3.7,33.4,23.9,0,537.5,462.5
1400.0,3,90.9,6,59.2,95.0,43.9,1,150.0,1250.0
1400.0,7,72.8,14,6.8,36.2,22.9,0,1061.1,338.9
1400.0,6,87.5,12,3.2,26.0,20.4,0,1078.6,321.4
1200.0,4,85.0,10,3.5,33.2,41.4,0,687.8,512.2
1000.0,3,84.9,8,0.6,18.0,25.9,0,573.5,426.5
1000.0,7,88.2,16,1.5,22.9,37.5,0,1050.0,0.0
1200.0,6,84.2,11,48.9,95.0,39.5,1,673.3,526.7
1200.0,6,95.8,16,3.7,18.0,40.6,0,1214.6,0.0
1200.0,4,88.6,7,0.3,22.2,43.8,0,804.0,396.0
1200.0,7,84.1,14,8.2,32.3,27.1,0,1197.2,2.8
1600.0,6,94.0,16,5.5,33.7,37.0,0,1139.2,460.8
1200.0,3,86.2,7,1.3,29.3,22.8,0,513.1,686.9
1200.0,4,75.2,8,27.3,66.6,29.8,1,400.8,799.2
1400.0,7,72.2,17,1.8,25.9,40.4,1,768.7,631.3
1200.0,4,70.3,7,12.9,41.5,28.8,0,540.3,659.7
1400.0,3,96.5,8,0.9,21.7,34.2,0,611.3,788.7
1400.0,7,89.9,13,46.6,93.0,32.1,1,1083.2,316.8
1600.0,4,97.8,10,3.3,34.2,35.5,1,558.9,1041.1
1000.0,5,86.1,14,82.3,95.0,43.3,1,150.0,850.0
1600.0,3,81.6,9,14.6,41.9,21.3,0,521.8,1078.2
1200.0,3,67.1,10,3.0,26.1,33.8,0,437.2,762.8
1200.0,3,88.5,9,3.1,31.7,40.7,0,513.2,686.8
1200.0,5,85.4,9,63.8,95.0,31.6,1,322.9,877.1
1600.0,5,99.7,12,66.7,95.0,21.9,1,474.6,1125.4
1200.0,6,73.4,16,1.5,29.5,33.5,0,907.5,292.5
1200.0,4,83.6,11,77.2,95.0,28.0,1,150.0,1050.0
1400.0,6,87.8,12,0.7,18.0,23.7,0,1083.9,316.1
1200.0,4,87.6,8,1.6,32.8,40.4,0,722.9,477.1
1000.0,5,84.6,14,5.4,37.2,32.5,1,584.6,415.4
1000.0,5,92.2,12,1.2,24.1,42.4,0,981.3,18.7
1000.0,6,72.2,16,53.1,94.8,39.3,1,502.7,497.3
1000.0,7,90.4,13,0.3,18.0,36.6,1,1050.0,0.0
1000.0,6,86.7,15,85.2,95.0,20.1,1,335.6,664.4
1400.0,4,96.4,7,12.0,36.5,30.3,1,517.0,883.0
1000.0,6,94.7,12,3.7,18.9,24.7,0,1050.0,0.0
1200.0,3,76.0,9,0.6,18.0,41.9,0,477.2,722.8
1400.0,4,74.7,12,1.7,22.3,24.2,0,621.1,778.9
1200.0,4,99.4,7,0.7,24.0,26.9,0,838.2,361.8
1400.0,7,83.5,15,1.3,31.0,32.4,0,1235.6,164.4
1000.0,5,96.7,12,3.8,30.1,26.3,0,991.7,8.3
1000.0,4,70.7,10,3.7,25.6,25.0,1,407.3,592.7
1000.0,5,87.5,11,0.6,24.9,34.4,0,916.4,83.6
1000.0,6,93.3,12,6.4,33.0,22.1,0,1050.0,0.0
1200.0,3,98.2,9,23.4,60.8,21.4,0,644.5,555.5
1000.0,7,76.8,16,75.4,95.0,28.9,1,440.5,559.5
1000.0,5,90.4,11,1.7,29.8,37.3,0,1038.7,0.0
1000.0,4,83.9,12,2.3,29.6,33.3,0,697.1,302.9
1200.0,5,67.1,11,2.1,25.5,30.1,0,717.1,482.9
1200.0,4,89.1,8,21.9,54.2,33.6,0,722.6,477.4
1200.0,5,89.2,10,1.8,29.2,28.8,0,966.6,233.4
1200.0,4,97.6,7,0.5,19.2,42.5,0,830.4,369.6
1400.0,6,82.4,14,4.2,20.7,21.3,0,1026.5,373.5
1000.0,4,73.1,7,2.0,18.0,36.2,0,583.2,416.8
1400.0,4,66.6,9,0.4,18.5,41.4,0,513.3,886.7
1400.0,3,79.5,9,40.6,86.1,39.3,1,291.5,1108.5
1000.0,4,75.6,11,6.7,30.0,24.4,0,586.2,413.8
1400.0,3,91.6,6,7.4,34.1,27.1,0,623.1,776.9
1600.0,7,77.4,17,1.2,21.3,37.2,0,1093.6,506.4
1000.0,3,98.2,9,0.4,20.1,22.0,0,612.5,387.5
1200.0,6,98.7,15,57.6,95.0,39.5,1,745.2,454.8
1400.0,3,86.7,7,0.3,22.0,37.3,0,547.6,852.4
1400.0,7,97.5,17,4.8,28.3,37.5,0,1434.2,0.0
1000.0,6,91.6,16,0.5,24.8,22.4,0,1050.0,0.0
1200.0,5,84.1,13,0.7,24.5,37.2,0,830.1,369.9
1200.0,5,71.3,13,2.1,24.2,36.3,0,722.0,478.0
1200.0,3,81.1,6,1.2,18.0,39.9,0,544.6,655.4
1400.0,3,84.6,7,8.2,39.6,21.0,0,556.2,843.8
1200.0,7,95.2,14,1.5,23.9,20.6,0,1260.0,0.0
1200.0,7,81.8,13,47.7,93.9,29.0,1,852.3,347.7
1400.0,4,96.4,10,0.8,31.2,23.6,0,773.8,626.2
1000.0,7,88.6,15,1.8,29.2,33.4,0,1050.0,0.0
1200.0,4,69.8,12,17.0,49.7,42.0,0,578.3,621.7
1400.0,6,99.8,13,39.2,80.8,29.4,1,1064.4,335.6
1400.0,3,83.5,8,4.0,27.9,40.3,0,489.3,910.7
1200.0,6,78.7,14,22.2,56.5,20.0,0,942.7,257.3
1200.0,7,88.1,16,22.1,57.2,24.0,0,1260.0,0.0
1000.0,6,68.8,12,6.1,39.7,20.7,0,866.0,134.0
1200.0,6,87.3,15,7.3,45.3,27.9,0,1142.0,58.0
1200.0,6,82.4,13,0.7,24.5,41.8,0,1026.4,173.6
1200.0,7,79.2,17,0.4,18.0,22.3,1,939.6,260.4
1200.0,6,98.4,15,0.9,18.6,34.6,0,1239.9,0.0
1200.0,4,83.3,12,5.6,39.5,30.8,0,718.1,481.9
1000.0,7,72.7,16,8.9,39.0,42.5,0,1050.0,0.0
1200.0,6,81.1,12,4.9,31.5,22.9,0,1015.5,184.5
1200.0,7,97.2,18,0.3,21.6,25.1,0,1260.0,0.0
1200.0,5,71.2,9,7.4,27.1,20.7,0,725.7,474.3
1000.0,4,72.5,8,1.4,32.5,30.4,0,616.9,383.1
1400.0,6,65.5,15,27.3,58.9,26.7,1,513.2,886.8
1200.0,5,65.5,10,12.3,44.1,40.9,0,670.1,529.9
1400.0,5,94.0,12,0.1,18.0,34.5,0,950.3,449.7
1400.0,7,90.6,13,2.0,23.9,34.7,0,1374.9,25.1
1200.0,5,77.4,12,1.0,28.5,32.8,1,609.1,590.9
1000.0,4,89.4,7,1.6,23.2,22.2,0,738.9,261.1
1200.0,4,78.8,12,2.4,23.7,30.7,0,635.1,564.9
1200.0,3,98.4,9,5.1,29.7,44.0,0,573.6,626.4
1400.0,4,98.8,7,2.7,19.4,40.0,0,839.6,560.4
1200.0,5,78.7,9,1.4,18.0,41.4,0,805.8,394.2
1000.0,4,94.9,7,25.2,63.4,39.8,1,492.0,508.0
1200.0,7,92.1,14,3.8,25.6,22.5,0,1260.0,0.0
1200.0,3,75.8,10,0.3,26.0,25.5,0,467.5,732.5
1400.0,5,73.1,10,1.9,30.4,20.1,0,788.3,611.7
1200.0,3,81.0,9,0.8,29.2,27.3,0,512.4,687.6
1200.0,5,92.3,9,0.1,18.0,22.6,0,922.2,277.8
1600.0,7,98.6,18,3.1,23.2,31.3,0,1384.9,215.1
1400.0,3,91.7,10,5.0,32.1,36.3,0,594.9,805.1
1200.0,6,94.9,13,47.2,95.0,41.0,1,868.1,331.9
1000.0,5,86.1,13,4.2,39.5,38.0,0,915.2,84.8
1000.0,6,94.2,16,20.2,47.7,42.5,0,1050.0,0.0
1200.0,3,92.5,6,6.1,37.1,21.3,0,550.8,649.2
1000.0,6,78.2,11,21.5,56.1,20.3,0,1020.8,0.0
1000.0,6,84.3,16,5.9,22.6,35.9,0,1050.0,0.0
1200.0,3,93.2,6,1.0,20.7,26.9,1,255.2,944.8
1000.0,7,66.6,17,2.0,26.3,26.1,0,998.3,1.7
1400.0,6,93.3,11,0.1,18.0,27.9,0,1113.5,286.5
1000.0,6,71.2,16,18.9,39.9,26.5,0,922.8,77.2
1200.0,7,83.0,13,52.5,92.0,32.3,1,780.6,419.4
1200.0,6,93.3,16,49.9,95.0,30.6,1,711.2,488.8
1600.0,6,73.9,15,0.7,20.7,32.3,1,672.0,928.0
1000.0,6,73.6,16,11.4,35.9,36.1,0,865.4,134.6
1200.0,4,79.1,9,2.8,23.2,29.3,0,676.4,523.6
1600.0,7,96.3,18,0.0,18.0,26.0,0,1376.2,223.8
1400.0,6,65.0,16,4.1,25.9,24.0,0,772.1,627.9
1400.0,7,96.5,17,0.2,18.0,28.4,0,1421.4,0.0
1200.0,5,70.4,14,0.5,28.7,37.8,0,733.0,467.0
1000.0,5,99.7,13,1.2,32.3,38.2,0,1050.0,0.0
1400.0,6,98.4,13,1.7,18.0,36.0,0,1195.1,204.9
1600.0,7,82.3,17,7.6,31.1,25.6,0,1258.1,341.9
1200.0,7,82.9,13,1.0,21.4,34.1,0,1179.5,20.5
1200.0,7,81.9,17,8.3,33.6,33.7,0,1235.4,0.0
1200.0,4,87.2,9,2.6,30.9,31.6,0,771.5,428.5
1400.0,5,68.2,12,0.1,19.8,33.2,0,727.1,672.9
1000.0,7,66.1,18,1.4,23.7,31.8,0,944.6,55.4
1200.0,7,67.0,17,5.2,44.7,33.6,0,931.9,268.1
1200.0,4,80.6,12,0.9,22.8,37.2,1,323.4,876.6
1200.0,4,74.6,8,0.2,31.2,22.6,0,691.8,508.2
1200.0,7,86.8,13,3.6,29.8,38.0,0,1260.0,0.0
1000.0,3,99.7,6,12.3,37.8,23.3,1,345.1,654.9
1400.0,7,78.5,14,2.1,21.6,21.6,0,1114.3,285.7
1200.0,7,85.1,14,0.1,22.2,43.4,0,1256.6,0.0
1200.0,4,79.5,11,13.3,36.3,43.0,0,654.4,545.6
1000.0,4,94.7,8,2.4,21.3,21.5,0,727.9,272.1
1200.0,7,96.6,16,0.6,20.8,30.6,0,1260.0,0.0
1200.0,7,95.7,18,17.1,49.2,24.5,0,1260.0,0.0
1000.0,7,99.1,18,2.0,34.1,31.6,0,1050.0,0.0
1200.0,4,66.0,9,0.8,20.8,39.9,0,594.0,606.0
1000.0,7,94.4,14,7.4,35.4,42.8,0,1050.0,0.0
1000.0,7,91.3,14,4.6,20.8,35.2,1,1050.0,0.0
1600.0,6,73.0,14,3.2,32.1,28.5,0,962.1,637.9
1200.0,3,98.5,6,0.2,18.0,34.5,0,594.6,605.4
1400.0,5,70.2,9,0.3,26.4,27.5,0,721.8,678.2
1200.0,3,88.8,10,1.7,24.1,41.8,0,573.8,626.2
1400.0,6,72.9,16,0.4,22.1,40.9,0,882.7,517.3
1400.0,5,80.1,13,9.6,34.9,33.4,0,832.5,567.5
1200.0,7,90.2,16,0.4,18.0,27.8,1,1112.8,87.2
1200.0,6,84.7,13,1.7,18.3,27.0,0,1085.5,114.5
1200.0,7,80.0,15,1.1,27.9,20.8,0,1152.1,47.9
1200.0,4,76.4,10,58.1,95.0,39.6,1,210.2,989.8
1600.0,6,94.4,13,0.3,21.0,30.8,0,1199.9,400.1
1400.0,4,70.0,7,1.4,26.3,27.8,0,597.7,802.3
1600.0,6,80.1,13,0.8,23.7,31.3,0,990.7,609.3
1000.0,6,96.6,13,5.5,26.2,39.6,0,1050.0,0.0
1400.0,4,94.6,10,3.8,40.0,23.0,0,767.6,632.4
1600.0,5,79.0,12,6.1,34.9,40.6,0,761.9,838.1
1000.0,3,91.7,7,19.0,51.2,41.5,0,568.0,432.0
1000.0,7,93.8,14,0.9,20.8,42.7,0,1050.0,0.0
1400.0,6,96.1,14,6.1,35.9,29.5,0,1215.8,184.2
1200.0,7,84.1,17,0.1,18.2,25.2,0,1260.0,0.0
1400.0,4,72.2,11,105.0,95.0,29.0,1,150.0,1250.0
1000.0,7,73.9,13,1.9,33.3,28.0,0,1050.0,0.0
1400.0,4,75.3,9,0.9,23.5,24.2,0,659.8,740.2
1200.0,7,85.8,14,1.1,19.9,34.6,0,1234.7,0.0
1000.0,3,66.1,6,0.2,22.3,31.4,0,422.1,577.9
1000.0,3,87.3,7,33.9,77.2,40.8,1,222.2,777.8
1400.0,3,77.8,8,0.1,25.3,20.8,0,481.3,918.7
1400.0,3,75.3,9,2.7,30.9,35.5,0,501.1,898.9
1200.0,3,95.8,10,8.6,28.7,38.3,1,357.4,842.6
1200.0,3,81.1,6,7.4,37.9,38.2,0,538.6,661.4
1400.0,4,68.3,12,1.5,23.3,41.3,0,505.6,894.4
1200.0,6,93.9,15,3.4,27.5,37.5,0,1133.6,66.4
1400.0,7,66.7,18,1.6,30.5,42.3,0,898.9,501.1
1200.0,3,90.4,8,110.0,95.0,28.0,1,150.0,1050.0
1200.0,4,92.1,9,0.2,24.0,32.1,0,838.5,361.5
1200.0,4,77.3,10,0.5,18.0,20.3,0,649.1,550.9
1200.0,4,93.9,12,0.6,22.7,20.2,0,763.2,436.8
1400.0,6,83.0,14,3.3,23.1,25.8,0,1073.8,326.2
1200.0,7,81.2,17,4.6,32.4,22.4,0,1226.2,0.0
1200.0,6,66.6,12,9.4,41.0,26.2,0,796.3,403.7
1400.0,5,75.2,12,0.6,21.4,24.2,1,594.0,806.0
1200.0,4,97.6,11,4.9,26.1,20.7,0,829.4,370.6
1200.0,5,78.7,10,21.7,62.4,41.8,0,840.6,359.4
1600.0,3,84.1,7,1.8,21.7,20.2,0,547.5,1052.5
1400.0,3,83.6,10,1.1,18.0,37.7,0,544.1,855.9
1000.0,6,85.7,13,0.7,18.8,23.7,0,1050.0,0.0
1600.0,7,67.1,13,14.8,41.4,41.9,0,1061.0,539.0
1400.0,5,77.7,13,0.8,18.9,41.4,0,805.6,594.4
1200.0,7,90.3,14,28.4,68.8,35.7,1,1107.8,92.2
1000.0,6,72.0,14,45.3,79.0,36.1,1,587.0,413.0
1400.0,3,72.1,7,7.2,28.4,20.1,0,431.6,968.4
1400.0,7,65.4,14,1.3,23.7,43.6,0,1027.3,372.7
1200.0,7,80.3,17,3.2,27.9,41.1,1,886.7,313.3
1400.0,3,95.9,6,1.7,33.0,41.5,0,602.9,797.1
1400.0,5,66.8,11,42.8,93.9,35.8,1,358.1,1041.9
1000.0,3,71.7,10,5.2,21.7,28.3,0,542.7,457.3
1200.0,7,75.9,14,1.5,18.0,41.4,0,1190.9,9.1
1200.0,5,90.6,14,18.7,50.2,27.0,0,996.3,203.7
1400.0,5,87.4,10,27.5,59.8,33.5,1,724.2,675.8
1000.0,3,79.6,6,81.8,95.0,22.4,1,150.0,850.0
1200.0,7,91.6,17,1.0,23.6,42.1,0,1260.0,0.0
1400.0,6,86.3,15,0.1,23.3,23.4,0,1090.5,309.5
1400.0,7,96.4,17,1.7,20.4,25.4,0,1354.6,45.4
1200.0,4,93.6,10,2.0,21.8,33.4,0,802.7,397.3
1400.0,6,73.8,12,0.5,18.9,38.3,0,913.3,486.7
1000.0,5,74.5,11,0.9,21.3,34.9,0,835.9,164.1
1400.0,6,69.4,16,10.5,40.4,25.6,0,860.5,539.5
1000.0,5,76.8,13,7.3,27.5,20.0,0,790.5,209.5
1200.0,5,100.0,13,0.5,19.6,38.2,0,1103.5,96.5
1400.0,6,79.2,16,50.6,95.0,43.6,1,626.1,773.9
1000.0,5,72.7,14,3.0,26.5,39.4,0,804.2,195.8
1200.0,5,91.7,10,1.5,25.6,31.0,0,977.6,222.4
1400.0,4,84.0,11,1.9,35.1,41.7,0,720.8,679.2
1400.0,7,70.2,18,13.0,44.4,29.8,0,1023.9,376.1
1400.0,7,78.3,16,1.6,27.4,32.6,0,1168.9,231.1
1400.0,4,79.5,10,1.2,22.4,31.5,0,663.3,736.7
1200.0,6,91.4,15,14.7,39.1,30.7,1,891.4,308.6
1200.0,3,65.7,10,110.0,95.0,38.6,1,150.0,1050.0
1200.0,3,74.4,6,1.6,20.9,32.6,0,513.9,686.1
1000.0,3,83.1,6,5.8,32.6,27.6,0,542.4,457.6
1600.0,4,74.4,8,2.8,18.0,26.2,0,651.9,948.1
1200.0,4,87.0,7,27.5,66.3,20.9,1,453.1,746.9
1200.0,5,81.9,13,0.3,21.8,34.0,0,791.8,408.2
1200.0,3,77.7,6,50.7,95.0,25.5,1,150.0,1050.0
1600.0,6,98.2,14,0.3,18.9,23.6,0,1227.5,372.5
1000.0,6,87.1,16,0.2,18.0,35.7,0,1050.0,0.0
1200.0,3,69.5,7,1.9,22.8,36.3,0,419.8,780.2
1200.0,3,84.6,7,1.3,21.8,38.1,0,513.4,686.6
1400.0,3,92.3,6,2.2,29.4,32.1,0,563.1,836.9
1000.0,4,89.8,9,0.2,26.3,41.5,0,804.6,195.4
1400.0,4,71.0,9,25.2,69.3,42.5,1,321.8,1078.2
1600.0,4,99.0,7,0.5,20.2,39.4,1,608.9,991.1
1200.0,7,80.7,16,10.9,21.6,35.3,0,1192.2,7.8
1400.0,6,70.6,14,98.3,95.0,27.3,1,150.0,1250.0
1600.0,6,71.3,11,2.9,27.5,43.6,0,934.2,665.8
1400.0,5,68.4,9,1.0,27.0,26.6,0,697.9,702.1
1000.0,4,93.1,9,43.4,88.7,24.9,1,563.6,436.4
1200.0,7,69.3,17,9.3,33.5,30.6,0,1002.4,197.6
1400.0,7,69.4,18,4.1,36.7,21.4,0,1026.9,373.1
1200.0,6,94.8,16,4.4,23.4,43.5,0,1207.3,0.0
1400.0,4,77.1,9,33.5,70.8,34.1,1,400.3,999.7
1600.0,5,66.1,14,0.1,18.0,33.4,0,721.7,878.3
1600.0,4,66.8,7,4.2,28.3,35.7,0,534.8,1065.2
1200.0,3,70.0,8,1.9,32.8,31.9,1,203.0,997.0
1000.0,4,72.5,12,0.8,22.5,20.8,0,629.1,370.9
1600.0,3,88.3,7,4.7,28.4,34.7,0,556.2,1043.8
1400.0,3,70.5,9,0.4,18.0,37.2,0,437.5,962.5
1000.0,5,69.2,11,5.6,29.0,30.0,0,697.9,302.1
1600.0,6,91.8,12,6.6,37.6,38.2,0,1173.1,426.9
1400.0,4,88.5,9,0.7,21.8,25.4,0,720.2,679.8
1200.0,3,80.2,6,0.2,20.7,25.3,0,513.8,686.2
1200.0,4,84.2,10,2.9,31.9,23.9,0,704.0,496.0
1200.0,6,75.9,14,70.7,95.0,28.9,1,325.3,874.7
1000.0,6,81.9,16,1.3,30.4,40.3,0,999.1,0.9
1200.0,7,82.7,13,2.7,19.6,39.9,1,992.3,207.7
1400.0,6,78.6,12,0.6,26.3,29.2,1,758.3,641.7
1000.0,5,96.7,9,8.4,42.8,34.1,0,996.1,3.9
1200.0,3,65.6,7,11.5,44.3,37.3,0,386.3,813.7
1200.0,7,92.4,13,0.5,18.0,25.8,0,1260.0,0.0
1200.0,5,69.4,9,2.3,22.2,24.0,0,785.7,414.3
1600.0,4,92.9,8,1.4,22.9,43.3,0,741.3,858.7
1200.0,3,86.6,7,3.7,32.6,34.8,0,596.9,603.1
1200.0,6,94.5,15,0.7,18.0,43.6,0,1179.3,20.7
1400.0,3,68.4,9,4.4,23.4,28.1,1,158.5,1241.5
1200.0,4,84.6,10,1.7,18.0,36.9,1,470.2,729.8
1200.0,7,82.5,18,2.0,20.8,25.3,1,976.4,223.6
1200.0,7,89.7,13,0.9,18.0,26.3,0,1260.0,0.0
1000.0,7,83.7,16,0.5,30.7,32.3,0,1050.0,0.0
1000.0,6,83.9,12,0.2,19.1,27.7,0,1050.0,0.0
1200.0,5,80.0,13,4.6,32.4,24.0,1,579.0,621.0
1200.0,5,75.8,9,0.5,22.9,26.3,1,575.6,624.4
1600.0,3,81.9,6,2.9,26.4,20.9,0,465.2,1134.8
1200.0,6,69.1,16,5.9,27.9,36.9,0,839.2,360.8
1200.0,7,98.7,14,12.8,45.0,31.8,0,1260.0,0.0
1400.0,7,90.0,13,3.1,27.5,22.3,0,1286.0,114.0
1000.0,4,98.3,12,1.1,24.2,24.1,0,829.0,171.0
1400.0,4,72.9,8,0.3,19.4,22.5,0,630.3,769.7
1000.0,7,95.8,18,0.9,21.2,34.7,0,1050.0,0.0
1600.0,7,93.3,13,42.5,88.7,22.3,1,1078.6,521.4
1000.0,6,88.7,11,2.7,27.3,38.1,0,1050.0,0.0
1200.0,5,86.9,14,0.8,23.9,20.5,0,902.2,297.8
1000.0,4,76.1,9,1.5,20.5,26.0,0,594.1,405.9
1600.0,5,93.6,12,0.5,32.5,41.4,0,971.6,628.4
1200.0,6,82.6,12,0.6,20.5,37.2,1,683.7,516.3
1200.0,7,67.5,14,0.1,21.9,21.8,0,980.3,219.7
1000.0,5,76.0,11,5.7,29.6,39.7,0,737.3,262.7
1400.0,7,97.7,15,0.6,32.7,31.8,0,1425.2,0.0
1200.0,7,94.8,15,29.5,64.7,40.3,1,1067.2,132.8
1400.0,3,99.4,9,56.4,95.0,34.4,1,185.8,1214.2
1200.0,5,87.0,13,62.8,95.0,36.4,1,425.0,775.0
1000.0,5,73.7,14,70.6,95.0,43.8,1,150.0,850.0
1000.0,7,70.7,17,0.2,22.9,25.6,0,1050.0,0.0
1200.0,6,71.5,11,0.4,34.4,35.0,0,888.8,311.2
1200.0,3,65.7,10,2.6,27.4,31.0,0,435.5,764.5
1000.0,7,78.7,14,1.0,24.9,20.9,0,1050.0,0.0
1400.0,4,71.7,10,3.1,23.0,20.3,0,611.9,788.1
1200.0,4,79.4,7,2.0,33.6,22.9,0,666.3,533.7
1200.0,3,97.7,6,0.7,32.8,35.6,0,630.2,569.8
1200.0,6,80.1,12,2.6,30.2,33.6,0,1019.7,180.3
1200.0,7,95.7,18,0.3,25.7,33.3,0,1260.0,0.0
1200.0,5,86.2,11,1.9,23.7,20.8,0,932.8,267.2
1000.0,3,73.6,7,5.4,32.0,31.3,0,492.2,507.8
1000.0,6,77.5,11,0.8,19.0,42.2,0,977.5,22.5
1400.0,5,67.9,11,2.3,19.8,29.5,0,725.3,674.7
1600.0,4,76.7,8,5.1,22.3,35.0,0,655.3,944.7
1200.0,4,88.7,9,17.0,49.6,38.7,0,702.9,497.1
1200.0,5,67.5,13,2.3,18.6,38.8,0,746.4,453.6
1400.0,3,72.2,7,1.3,21.4,32.5,0,396.4,1003.6
1200.0,4,78.4,8,0.6,22.7,40.6,0,683.1,516.9
1000.0,7,99.4,18,0.7,28.1,29.4,0,1050.0,0.0
1000.0,5,92.5,9,3.6,24.5,41.3,0,961.0,39.0
1400.0,5,90.7,12,53.4,95.0,25.8,1,491.8,908.2
1400.0,4,69.1,9,6.1,35.9,26.7,0,594.8,805.2
1000.0,3,92.3,6,1.1,18.4,21.3,0,535.9,464.1
1200.0,7,92.5,16,51.8,95.0,39.1,1,1018.0,182.0
1200.0,3,86.0,8,1.2,22.4,30.0,0,544.6,655.4
1400.0,6,99.7,15,4.5,26.3,25.5,1,1057.0,343.0
1000.0,6,76.4,14,2.6,24.5,25.6,0,990.1,9.9
1000.0,4,97.9,12,10.1,37.1,41.6,0,824.5,175.5
1400.0,4,97.0,8,1.0,21.4,40.0,0,790.8,609.2
1000.0,4,65.4,8,4.3,24.2,33.3,0,545.5,454.5
1400.0,6,80.8,13,73.8,95.0,34.8,1,406.1,993.9
1200.0,3,99.2,7,5.1,30.4,31.4,0,676.2,523.8
1000.0,3,68.6,7,1.8,23.9,29.4,0,475.2,524.8
1200.0,4,84.2,12,25.0,62.2,42.0,1,468.0,732.0
1400.0,7,99.3,16,1.7,24.8,23.0,0,1470.0,0.0
1400.0,3,84.4,8,2.8,26.5,30.0,0,461.4,938.6
1400.0,6,71.6,15,0.0,25.0,28.3,0,918.9,481.1
1200.0,5,85.4,14,5.1,36.8,32.0,0,940.4,259.6
1400.0,5,72.2,11,1.5,31.5,31.0,0,776.8,623.2
1200.0,5,83.2,9,1.1,30.3,32.5,0,826.8,373.2
1200.0,7,67.6,17,0.4,26.9,23.4,0,1042.2,157.8
1400.0,4,86.2,7,40.2,92.8,32.3,1,483.1,916.9
1000.0,6,83.1,14,1.7,26.8,25.8,0,1050.0,0.0
1000.0,7,90.9,17,1.3,25.6,24.4,0,1050.0,0.0
1200.0,6,87.1,15,2.8,37.5,21.6,0,1166.9,33.1
1000.0,6,84.2,12,56.6,93.3,38.3,1,624.4,375.6
1000.0,4,89.1,10,8.1,33.1,30.3,0,740.3,259.7
1200.0,5,70.0,12,2.3,31.7,35.0,0,707.0,493.0
1200.0,4,85.8,12,4.1,33.1,37.5,0,747.5,452.5
1400.0,7,71.0,17,0.3,35.3,36.3,0,1078.6,321.4
1400.0,7,97.4,16,1.3,24.4,31.3,0,1433.7,0.0
1200.0,7,67.4,17,84.9,95.0,29.3,1,194.0,1006.0
1200.0,4,80.1,12,2.1,23.5,29.0,0,719.1,480.9
1200.0,6,89.4,16,4.9,31.0,35.4,0,1094.8,105.2
1200.0,6,81.0,12,0.2,30.4,31.9,0,1089.9,110.1
1200.0,3,68.2,9,12.1,48.3,40.4,1,156.3,1043.7
1400.0,7,84.4,16,4.7,28.8,41.0,0,1195.5,204.5
1200.0,6,87.5,14,0.6,24.2,24.1,0,1061.7,138.3
1200.0,3,89.6,9,2.8,23.1,23.3,0,525.8,674.2
1200.0,6,78.1,15,2.0,22.4,35.1,1,647.6,552.4
1200.0,7,84.7,17,4.5,33.9,27.2,0,1229.1,0.0
1600.0,5,80.8,11,0.3,30.5,20.4,0,884.0,716.0
1400.0,7,88.5,16,0.3,19.0,41.3,0,1332.1,67.9
1000.0,4,85.4,12,2.0,26.3,25.4,0,709.7,290.3
1400.0,6,83.4,14,7.3,31.8,42.3,0,1159.5,240.5
1200.0,6,73.7,13,1.3,28.3,37.2,0,920.8,279.2
1400.0,4,65.1,11,1.0,21.5,38.3,0,543.0,857.0
1400.0,4,71.1,8,20.9,43.7,24.8,0,552.5,847.5
1200.0,5,69.1,13,46.3,95.0,25.6,1,448.6,751.4
1000.0,6,80.7,15,12.6,39.3,32.5,0,1027.5,0.0
1200.0,6,86.4,13,20.8,52.2,24.1,0,1047.6,152.4
1200.0,5,72.5,12,0.1,24.3,27.3,0,743.4,456.6
1400.0,3,97.9,9,8.8,36.9,27.7,0,628.0,772.0
1200.0,5,65.2,12,2.4,27.8,23.8,0,666.6,533.4
1000.0,7,92.0,13,4.3,20.3,24.9,0,1050.0,0.0
1400.0,6,86.9,16,0.8,26.0,38.9,0,1122.1,277.9
1600.0,4,78.1,10,0.7,18.0,24.0,0,611.0,989.0
1200.0,7,66.8,14,29.2,69.7,20.7,1,666.2,533.8
1000.0,6,87.0,16,0.1,27.8,35.1,0,1050.0,0.0
1200.0,5,78.5,10,1.2,18.0,43.4,1,667.9,532.1
1000.0,7,97.8,17,19.9,53.6,27.9,0,1050.0,0.0
1600.0,6,84.0,16,2.1,30.4,22.8,1,755.6,844.4
1000.0,3,97.9,8,3.3,24.6,33.7,1,336.2,663.8
1200.0,3,72.7,10,2.4,28.9,41.8,0,493.5,706.5
1200.0,4,90.4,11,2.4,18.0,38.8,0,789.4,410.6
1200.0,6,86.6,13,2.2,30.8,34.9,0,1093.0,107.0
1400.0,3,90.9,6,2.0,25.1,27.6,0,562.8,837.2
1400.0,5,72.5,13,2.6,24.5,33.0,0,762.6,637.4
1200.0,6,88.3,13,1.5,29.2,22.2,0,1086.8,113.2
1000.0,5,82.4,14,0.2,31.0,36.3,0,860.3,139.7
1000.0,5,91.0,14,0.3,24.9,37.4,0,938.4,61.6
1600.0,3,76.4,9,0.6,31.0,43.2,0,478.1,1121.9
1400.0,6,96.2,14,1.7,18.0,26.2,0,1195.6,204.4
1200.0,7,68.0,18,7.8,37.0,20.4,0,1017.2,182.8
1400.0,3,93.3,8,3.0,25.9,33.1,0,616.1,783.9
1400.0,3,95.1,8,3.9,23.9,37.0,1,285.0,1115.0
1000.0,6,93.6,14,1.1,18.0,39.0,0,1050.0,0.0
1600.0,6,82.9,11,1.3,27.0,24.6,1,810.9,789.1
1200.0,5,80.3,11,9.4,40.5,26.3,0,850.1,349.9
1200.0,6,99.9,13,0.5,29.5,32.3,0,1245.5,0.0
1200.0,5,73.0,14,0.2,28.1,27.9,0,814.9,385.1
1000.0,3,84.1,10,2.2,21.5,40.7,0,510.3,489.7
1000.0,4,88.5,10,48.7,95.0,31.4,1,289.4,710.6
1400.0,7,89.5,13,0.5,29.7,39.2,0,1291.3,108.7
1000.0,3,72.1,8,2.1,23.9,33.9,0,511.1,488.9
1400.0,6,87.9,11,3.8,27.8,38.6,0,1096.3,303.7
1200.0,7,93.6,16,109.5,95.0,28.0,1,265.6,934.4
1200.0,4,66.8,8,4.4,36.0,40.0,0,561.6,638.4
1200.0,4,96.9,8,3.0,19.0,26.6,0,849.4,350.6
1200.0,5,66.0,13,7.3,35.6,33.1,0,690.4,509.6
1400.0,7,77.5,16,1.3,21.0,25.1,0,1159.3,240.7
1200.0,5,65.6,14,1.1,18.1,31.4,0,681.7,518.3
1200.0,3,67.7,7,23.6,48.0,27.6,0,447.5,752.5
1200.0,7,96.9,17,2.5,24.7,26.4,0,1260.0,0.0
1400.0,3,77.4,10,1.5,18.0,43.2,0,473.8,926.2
1600.0,5,79.9,10,0.5,23.1,23.8,0,847.6,752.4
1400.0,7,72.5,16,17.2,56.6,38.9,0,1047.3,352.7
1200.0,5,85.9,13,1.9,25.8,43.6,1,593.8,606.2
1000.0,7,85.8,16,4.2,38.2,20.5,0,1050.0,0.0
1200.0,5,78.0,10,3.3,22.1,36.8,0,774.2,425.8
1200.0,4,76.7,11,2.7,19.7,26.1,0,664.8,535.2
1000.0,5,96.0,10,0.3,18.0,21.0,1,745.8,254.2
1200.0,4,78.4,7,3.2,26.5,29.7,0,708.5,491.5
1200.0,5,82.3,10,1.7,38.2,42.4,0,852.3,347.7
1200.0,7,74.9,16,24.4,50.3,20.3,1,843.8,356.2
1400.0,7,92.5,15,6.3,34.6,34.1,0,1308.9,91.1
1000.0,7,78.9,14,0.1,18.7,32.0,0,1050.0,0.0
1000.0,6,83.0,16,4.3,27.3,41.0,0,986.7,13.3
1400.0,3,73.9,7,49.6,90.2,22.0,1,150.0,1250.0
1200.0,7,99.6,13,1.1,28.1,36.4,0,1260.0,0.0
1400.0,4,75.2,11,2.0,24.7,36.3,1,424.8,975.2
1200.0,7,92.0,17,0.4,28.0,36.1,0,1258.2,0.0
1200.0,6,80.0,13,3.4,28.0,42.6,0,1061.7,138.3
1400.0,4,72.2,11,0.0,18.0,39.8,0,604.2,795.8
1400.0,6,93.0,12,1.1,29.2,21.0,1,886.2,513.8
1400.0,4,76.7,9,37.9,68.7,31.3,1,385.1,1014.9
1200.0,5,95.3,12,3.1,18.0,29.6,0,1018.9,181.1
1200.0,3,97.0,6,6.2,26.7,27.4,0,598.2,601.8
1200.0,3,95.1,6,61.8,95.0,30.8,1,150.0,1050.0
1000.0,6,66.2,12,2.8,33.2,29.2,1,561.8,438.2
1600.0,3,92.6,8,21.1,52.9,30.4,0,540.2,1059.8
1000.0,6,79.4,11,0.0,28.2,43.5,0,1013.7,0.0
1600.0,6,95.6,16,7.9,31.1,22.1,0,1182.1,417.9
1200.0,6,87.3,15,17.2,49.4,42.1,0,1042.9,157.1
1000.0,3,94.2,7,27.7,66.0,31.5,1,336.0,664.0
1200.0,6,82.5,11,1.4,27.5,35.0,0,963.2,236.8
1400.0,3,83.7,7,3.3,24.6,39.9,0,574.0,826.0
1400.0,6,70.1,15,9.2,33.9,28.7,0,952.2,447.8
1400.0,7,92.4,16,0.2,20.8,30.3,0,1312.9,87.1
1400.0,6,79.7,12,0.5,18.0,29.8,0,1040.8,359.2
1400.0,4,82.5,8,14.9,44.0,29.0,0,705.2,694.8
1400.0,6,92.5,14,38.8,78.3,42.2,1,938.2,461.8
1200.0,5,86.0,9,33.1,74.6,39.9,1,635.8,564.2
1200.0,6,72.0,11,0.3,22.9,22.6,0,930.6,269.4
1200.0,4,85.7,9,9.1,42.4,22.6,0,718.1,481.9
1600.0,4,79.3,10,19.3,51.3,30.3,0,575.0,1025.0
1600.0,3,81.4,6,0.0,19.2,22.4,0,585.6,1014.4
1000.0,7,66.0,16,14.9,44.6,34.9,0,985.2,14.8
1400.0,6,72.4,15,0.8,26.9,23.4,0,909.8,490.2
1600.0,3,74.8,6,2.8,18.0,32.5,0,446.3,1153.7
1000.0,7,90.0,14,59.9,95.0,20.2,1,825.9,174.1
1200.0,6,65.4,12,2.2,21.8,27.6,0,868.5,331.5
1600.0,5,79.3,12,57.9,95.0,36.3,1,391.9,1208.1
1000.0,6,97.3,14,1.7,27.2,31.6,0,1050.0,0.0
1400.0,4,68.9,9,2.8,26.7,43.5,0,535.2,864.8
1200.0,4,83.1,8,11.2,26.4,41.0,1,424.8,775.2
1600.0,5,92.5,11,2.5,18.0,28.6,0,973.3,626.7
1600.0,3,98.0,6,20.1,50.9,21.1,0,641.7,958.3
1600.0,7,91.1,15,0.6,20.4,40.3,0,1325.2,274.8
1200.0,6,90.2,13,1.4,24.1,41.9,0,1169.2,30.8
1400.0,4,93.9,11,0.5,20.4,39.7,0,748.9,651.1
1400.0,3,80.6,7,5.8,38.4,23.1,0,510.3,889.7
1200.0,5,93.2,12,14.1,31.7,43.9,0,975.2,224.8
1400.0,4,65.3,9,0.7,24.6,26.2,0,495.3,904.7
1000.0,5,97.4,10,1.5,28.4,37.4,0,1020.6,0.0
1200.0,6,80.5,13,1.0,27.0,41.8,0,994.1,205.9
1200.0,7,84.4,13,69.2,95.0,25.7,1,689.9,510.1
1000.0,4,73.9,12,8.9,40.0,41.8,0,606.6,393.4
1000.0,4,91.0,8,1.4,21.1,27.4,0,776.6,223.4
1400.0,6,67.7,11,4.9,23.9,43.4,1,588.2,811.8
1200.0,3,95.5,6,2.1,18.0,26.8,0,610.2,589.8
1400.0,7,94.0,16,0.4,20.8,42.9,0,1367.0,33.0
1000.0,4,72.6,12,2.9,22.5,21.3,0,582.4,417.6
1200.0,7,93.3,18,1.8,30.5,37.0,0,1260.0,0.0
1200.0,4,92.5,10,2.6,24.5,32.8,0,764.8,435.2
1400.0,7,87.1,18,5.5,25.1,31.5,0,1273.4,126.6
1200.0,5,78.1,12,40.8,77.2,25.4,1,580.3,619.7
1400.0,4,74.5,7,5.8,40.6,36.9,0,598.9,801.1
1400.0,7,73.1,17,3.5,27.1,24.6,0,1088.9,311.1
1400.0,3,76.2,6,1.7,20.6,33.3,0,497.6,902.4
1200.0,5,96.6,12,2.3,26.1,26.1,1,779.5,420.5
1000.0,5,67.7,10,59.8,95.0,42.9,1,310.0,690.0
1400.0,3,94.0,6,10.3,35.5,20.7,1,329.6,1070.4
1000.0,7,77.2,17,2.8,29.6,24.8,0,1050.0,0.0
1400.0,6,83.3,11,0.1,28.1,25.8,0,1065.6,334.4
1200.0,3,92.8,10,1.0,18.0,29.9,1,412.1,787.9
1600.0,7,96.0,14,2.4,22.5,25.6,0,1422.5,177.5
1400.0,3,77.1,9,0.1,27.5,31.8,0,551.3,848.7
1600.0,3,81.2,10,0.1,18.6,40.9,0,500.1,1099.9
1200.0,4,79.5,11,8.8,37.2,37.1,0,685.3,514.7
1400.0,7,65.5,18,1.0,19.7,33.9,1,756.2,643.8
1200.0,6,75.4,11,1.4,21.9,22.1,0,930.0,270.0
1200.0,4,81.1,10,0.9,20.6,36.7,0,716.0,484.0
1400.0,3,79.4,6,25.3,63.2,24.0,1,235.5,1164.5
1400.0,3,90.3,7,2.9,27.4,38.9,0,525.5,874.5
1600.0,3,78.5,7,97.1,95.0,26.0,1,150.0,1450.0
1400.0,7,82.1,13,18.5,62.3,30.0,0,1204.1,195.9
1200.0,7,80.0,14,1.0,32.1,28.4,0,1211.2,0.0
1200.0,4,90.9,8,2.2,18.0,40.6,0,691.0,509.0
1400.0,6,95.2,11,0.2,20.1,23.0,0,1206.6,193.4
1200.0,4,83.6,8,110.0,95.0,33.6,1,150.0,1050.0
1000.0,5,92.6,12,0.2,19.4,23.4,0,927.9,72.1
1200.0,3,75.4,6,4.2,38.7,36.9,0,452.8,747.2
1200.0,3,83.9,8,66.4,95.0,41.7,1,150.0,1050.0
1200.0,3,77.1,6,3.5,26.1,30.4,0,515.3,684.7
1200.0,4,79.5,7,3.1,31.0,31.7,0,723.9,476.1
1000.0,4,90.6,8,2.8,25.7,42.3,0,740.8,259.2
1000.0,3,95.9,6,1.6,26.9,32.5,0,575.4,424.6
1600.0,4,69.3,8,11.9,47.8,31.7,0,639.6,960.4
1200.0,7,87.2,16,0.1,25.9,33.9,0,1255.6,0.0
1200.0,7,85.4,16,32.4,71.4,36.5,1,1014.7,185.3
1400.0,4,69.1,8,3.8,36.0,22.6,0,657.2,742.8
1200.0,3,72.4,6,1.7,29.0,39.7,0,482.6,717.4
1600.0,4,75.9,9,46.7,88.4,30.5,1,279.6,1320.4
1400.0,4,70.8,10,0.8,33.1,21.7,0,639.8,760.2
1000.0,4,73.5,10,2.6,29.1,38.9,0,636.0,364.0
1200.0,5,74.4,14,3.0,25.4,29.0,0,808.4,391.6
1400.0,7,76.7,15,76.1,95.0,22.4,1,372.4,1027.6
1600.0,6,91.2,12,1.0,18.0,35.2,0,1190.1,409.9
1200.0,6,85.0,11,3.7,36.0,41.1,0,1085.7,114.3
1400.0,5,99.5,14,2.1,33.8,41.3,0,993.2,406.8
1000.0,4,79.5,8,5.4,30.5,43.0,0,676.4,323.6
1600.0,5,91.4,13,97.2,95.0,40.8,1,150.0,1450.0
1200.0,5,95.5,12,1.8,19.3,20.1,0,1027.8,172.2
1600.0,3,88.8,9,2.2,18.0,29.1,0,551.0,1049.0
1400.0,7,79.4,16,3.5,18.9,39.6,1,960.7,439.3
1400.0,6,91.4,14,8.4,44.7,28.8,0,1168.5,231.5
1200.0,4,72.1,11,21.0,63.8,34.4,1,376.0,824.0
1200.0,6,76.5,15,0.1,18.0,34.6,0,926.7,273.3
1000.0,6,84.1,12,25.1,59.7,28.8,1,862.6,137.4
1200.0,7,85.1,18,1.9,18.4,41.7,0,1229.1,0.0
1000.0,6,65.8,16,2.4,25.5,32.1,1,584.7,415.3
1400.0,6,98.1,15,0.3,30.6,31.2,0,1196.7,203.3
1200.0,5,89.4,10,0.2,27.8,43.9,0,942.4,257.6
1000.0,7,82.3,18,18.9,54.4,31.8,0,1050.0,0.0
1600.0,3,97.7,6,84.2,95.0,24.3,1,150.0,1450.0
1400.0,4,80.4,8,0.9,29.7,32.3,0,745.9,654.1
1600.0,6,99.3,14,0.9,26.6,39.5,0,1276.6,323.4
1600.0,4,82.9,12,35.1,76.7,38.6,1,478.3,1121.7
1000.0,3,69.0,10,0.2,21.7,38.9,1,150.0,850.0
1200.0,4,91.8,10,5.3,31.6,37.0,0,752.1,447.9
1400.0,3,88.8,9,0.7,24.6,26.1,0,575.8,824.2
1400.0,5,92.1,12,2.2,22.7,40.7,0,948.7,451.3
1000.0,6,98.3,16,94.7,95.0,41.4,1,343.5,656.5
1400.0,3,92.2,10,2.8,21.3,24.7,0,583.2,816.8
1200.0,4,86.4,11,1.3,19.3,23.1,0,763.5,436.5
1200.0,6,95.0,14,2.9,25.4,43.4,1,959.5,240.5
1200.0,5,88.6,9,1.1,21.8,40.8,0,920.3,279.7
1200.0,6,79.3,11,0.8,20.1,41.4,0,982.5,217.5
1200.0,3,96.0,9,6.3,28.0,41.3,0,569.4,630.6
1000.0,5,72.8,12,3.5,28.7,33.0,0,802.4,197.6
1400.0,4,90.0,10,18.0,55.9,35.5,0,741.1,658.9
1200.0,5,95.9,10,0.3,22.4,33.1,0,1024.8,175.2
1000.0,5,90.6,14,0.1,21.8,21.2,0,932.9,67.1
1400.0,7,89.4,15,0.1,18.0,37.9,0,1276.3,123.7
1600.0,5,91.3,13,2.0,23.9,32.1,0,978.5,621.5
1400.0,5,81.3,11,3.6,33.3,35.5,0,827.3,572.7
1400.0,6,95.6,13,54.0,95.0,32.1,1,796.7,603.3
1400.0,4,72.1,11,32.2,75.1,31.8,1,330.5,1069.5
1200.0,6,69.5,14,0.1,26.8,24.1,0,857.9,342.1
1000.0,6,75.0,15,1.1,25.9,26.7,0,945.8,54.2
1200.0,3,83.6,7,52.3,95.0,23.8,1,150.0,1050.0
1200.0,6,82.9,16,44.9,90.6,24.7,1,735.3,464.7
1200.0,7,93.7,18,0.2,20.2,43.4,0,1260.0,0.0
1400.0,7,79.2,18,7.7,34.0,23.7,0,1271.7,128.3
1200.0,3,82.0,8,0.6,24.0,26.5,0,531.1,668.9
1000.0,4,65.5,7,36.4,79.7,34.2,1,176.2,823.8
1200.0,4,79.3,11,1.4,24.6,34.6,1,429.4,770.6
1400.0,6,87.7,16,10.6,48.4,23.7,0,1100.2,299.8
1000.0,6,65.5,15,2.0,19.0,39.0,0,804.4,195.6
1400.0,6,74.8,16,6.7,35.8,38.8,0,945.4,454.6
1200.0,4,72.3,10,0.0,21.8,25.7,0,584.6,615.4
1200.0,5,66.5,9,5.8,30.7,26.9,0,709.6,490.4
1200.0,7,81.8,13,5.8,26.7,42.5,1,852.0,348.0
1400.0,5,71.4,14,0.4,27.7,39.8,0,789.3,610.7
1200.0,5,91.0,12,0.3,25.6,36.7,0,900.3,299.7
1400.0,4,94.7,8,1.4,28.2,22.0,1,563.4,836.6
1200.0,5,84.1,13,6.8,33.0,30.0,0,857.4,342.6
1200.0,3,99.4,9,2.0,23.3,33.4,0,636.7,563.3
1400.0,6,80.8,13,1.9,24.5,24.5,0,1011.2,388.8
1400.0,3,83.0,8,0.4,24.7,30.8,0,531.5,868.5
1400.0,7,99.6,15,0.0,18.0,34.4,1,1175.0,225.0
1400.0,6,73.1,16,4.2,32.6,27.9,1,696.9,703.1
1400.0,5,98.0,11,2.2,37.4,38.7,1,789.7,610.3
1400.0,7,66.5,13,8.1,36.5,40.2,1,737.5,662.5
1400.0,6,80.6,15,6.2,29.8,27.8,0,1084.5,315.5
1400.0,5,67.5,11,0.6,22.1,40.1,0,736.4,663.6
1400.0,3,90.5,6,17.3,51.4,22.5,0,560.0,840.0
1400.0,6,86.3,14,0.2,21.0,40.1,0,1132.0,268.0
1400.0,5,89.7,11,5.8,35.1,23.7,0,955.9,444.1
1000.0,3,78.1,10,45.8,89.8,22.0,1,189.2,810.8
1400.0,7,77.9,18,3.3,35.6,35.4,0,1139.3,260.7
1400.0,7,66.6,18,0.9,31.8,31.3,0,927.3,472.7
1000.0,7,77.2,17,19.1,49.0,41.8,0,1050.0,0.0
1400.0,7,97.5,15,2.3,25.0,28.7,0,1400.4,0.0
1000.0,4,78.3,10,0.5,22.6,26.9,0,661.8,338.2
1200.0,6,94.1,13,3.4,27.0,32.0,0,1190.0,10.0
1400.0,6,94.5,15,0.9,18.6,30.9,0,1141.1,258.9
1000.0,4,78.1,7,2.7,20.6,28.3,0,572.5,427.5
1400.0,5,87.1,13,11.4,45.3,36.6,0,966.2,433.8
1400.0,5,68.3,14,20.7,58.4,38.2,0,720.9,679.1
1200.0,7,68.6,13,0.3,27.9,40.5,0,1063.3,136.7
1000.0,3,66.7,10,1.4,23.7,43.3,0,472.7,527.3
1200.0,5,85.3,10,0.7,32.5,26.4,0,921.7,278.3
1400.0,3,79.9,9,3.4,27.1,37.2,1,264.4,1135.6
1600.0,6,84.2,15,0.8,27.5,29.5,0,1046.8,553.2
1400.0,3,83.2,8,1.5,18.0,36.2,0,549.5,850.5
1200.0,6,77.3,13,39.4,79.9,31.4,1,648.1,551.9
1400.0,4,88.7,7,0.5,22.0,43.9,0,724.5,675.5
1200.0,4,91.5,7,2.4,25.2,37.5,0,695.6,504.4
1400.0,7,65.5,16,0.2,18.0,42.9,0,960.1,439.9
1000.0,5,72.3,12,1.2,27.4,40.0,1,522.7,477.3
1400.0,7,90.0,15,3.1,31.8,41.7,0,1366.5,33.5
1200.0,6,78.5,16,2.7,22.3,39.5,0,991.4,208.6
1600.0,7,88.2,15,12.3,34.8,31.0,0,1265.2,334.8
1200.0,3,77.1,9,0.8,19.4,26.0,0,517.6,682.4
1400.0,6,78.7,16,1.2,26.3,28.9,0,990.8,409.2
1600.0,4,70.6,8,13.7,39.5,20.5,0,579.9,1020.1
1000.0,5,74.0,11,3.2,26.1,32.6,0,726.4,273.6
1600.0,6,86.2,14,1.8,19.3,32.1,0,1159.6,440.4
1400.0,6,80.2,16,3.1,36.5,32.6,0,1035.9,364.1
1000.0,3,92.1,7,0.7,23.4,43.4,0,609.9,390.1
1200.0,5,94.8,9,59.7,95.0,41.9,1,527.5,672.5
1400.0,4,84.0,8,1.0,26.0,23.9,0,708.0,692.0
1000.0,6,91.5,15,34.4,73.3,28.9,1,862.0,138.0
1200.0,6,75.7,11,1.0,23.1,30.2,0,981.7,218.3
1200.0,3,79.5,6,4.1,24.5,28.7,0,548.6,651.4
1400.0,7,89.9,14,13.0,39.2,39.2,0,1272.0,128.0
1000.0,4,78.5,11,1.8,19.7,32.6,1,366.2,633.8
1400.0,5,85.6,12,1.5,18.7,33.7,0,921.4,478.6
1600.0,6,71.5,16,0.1,32.5,40.5,0,883.0,717.0
1600.0,6,86.0,15,5.3,31.3,39.3,0,1112.0,488.0
1400.0,4,95.2,9,0.0,29.4,23.2,0,786.2,613.8
1000.0,7,95.4,13,7.2,28.9,37.1,1,1050.0,0.0
